Rank,PlayerID,Name,Team,Position,Week,Opponent,PassingCompletions,PassingAttempts,PassingCompletionPercentage,PassingYards,PassingYardsPerAttempt,PassingTouchdowns,PassingInterceptions,PassingRating,RushingAttempts,RushingYards,RushingYardsPerAttempt,RushingTouchdowns,FantasyPointsPerGameDraftKings,FantasyPointsDraftKings,salary,year
1,16311,Derek Carr,OAK,QB,8,TB,40,59,67.8,513,8.7,4,0,117.41,1,13,13.0,0,39.8,39.82,6700,2016
2,732,Matt Ryan,ATL,QB,4,CAR,28,37,75.7,503,13.6,4,1,142.0,4,14,3.5,0,39.5,39.52,7100,2016
3,14008,Andrew Luck,IND,QB,1,DET,31,47,66.0,385,8.2,4,0,119.55,3,21,7.0,0,38.5,38.5,7100,2016
4,3807,Ben Roethlisberger,PIT,QB,4,KC,22,27,81.5,300,11.1,5,0,152.55,1,-1,-1.0,0,36.9,36.9,8500,2016
5,7242,Drew Brees,NO,QB,6,CAR,34,49,69.4,465,9.5,4,1,118.15,0,0,0.0,0,36.6,36.6,7800,2016
6,7242,Drew Brees,NO,QB,1,OAK,28,42,66.7,423,10.1,4,0,131.35,2,5,2.5,0,35.4,35.42,7500,2016
7,13320,Cam Newton,CAR,QB,2,SF,24,40,60.0,353,8.8,4,1,111.77,6,37,6.2,0,34.8,34.82,5000,2016
8,2593,Aaron Rodgers,GB,QB,8,ATL,28,38,73.7,246,6.5,4,0,125.55,6,60,10.0,0,33.8,33.84,6500,2016
9,15694,Case Keenum,LAR,QB,6,DET,27,32,84.4,321,10.0,3,1,126.69,3,7,2.3,1,33.5,33.54,8100,2016
10,3807,Ben Roethlisberger,PIT,QB,5,NYJ,34,47,72.3,380,8.1,4,0,124.42,0,0,0.0,0,33.2,33.2,7000,2016
11,4314,Tom Brady,NE,QB,8,BUF,22,33,66.7,315,9.5,4,0,136.99,1,15,15.0,0,33.1,33.1,6500,2016
12,16245,Blake Bortles,JAX,QB,8,TEN,33,54,61.1,337,6.2,3,0,97.53,4,22,5.5,0,32.7,32.68,6300,2016
13,4314,Tom Brady,NE,QB,5,CLE,28,40,70.0,406,10.2,3,0,127.71,2,14,7.0,0,32.6,32.64,7200,2016
14,6739,Alex Smith,KC,QB,1,LAC,34,48,70.8,363,7.6,2,1,97.83,4,15,3.8,1,32.0,32.02,6400,2016
15,17009,Trevor Siemian,DEN,QB,3,CIN,23,35,65.7,312,8.9,4,0,132.08,3,5,1.7,0,32.0,31.98,5000,2016
16,16763,Marcus Mariota,TEN,QB,9,LAC,27,43,62.8,313,7.3,3,2,88.61,3,14,4.7,1,31.9,31.92,6900,2016
17,732,Matt Ryan,ATL,QB,2,OAK,26,34,76.5,396,11.6,3,1,131.5,0,0,0.0,0,31.8,31.84,6800,2016
18,732,Matt Ryan,ATL,QB,9,TB,25,34,73.5,344,10.1,4,0,144.73,2,0,0.0,0,31.8,31.76,5200,2016
19,8244,Philip Rivers,LAC,QB,5,OAK,21,30,70.0,359,12.0,4,2,122.08,0,0,0.0,0,31.4,31.36,7700,2016
20,13320,Cam Newton,CAR,QB,6,NO,27,47,57.4,322,6.9,2,1,83.82,2,1,0.5,1,31.0,30.98,5000,2016
21,14008,Andrew Luck,IND,QB,7,TEN,27,39,69.2,353,9.1,3,0,123.13,5,17,3.4,0,30.8,30.82,5900,2016
22,16763,Marcus Mariota,TEN,QB,5,MIA,20,29,69.0,163,5.6,3,0,117.46,7,60,8.6,1,30.5,30.52,8300,2016
23,9038,Matthew Stafford,DET,QB,3,GB,28,41,68.3,385,9.4,3,1,112.35,2,11,5.5,0,30.5,30.5,6300,2016
23,16762,Jameis Winston,TB,QB,3,LAR,36,58,62.1,405,7.0,3,1,92.96,4,13,3.2,0,30.5,30.5,7400,2016
25,4314,Tom Brady,NE,QB,6,CIN,29,35,82.9,376,10.7,3,0,140.0,2,2,1.0,0,30.2,30.24,5600,2016
26,7242,Drew Brees,NO,QB,3,ATL,36,54,66.7,376,7.0,3,1,97.45,2,9,4.5,0,29.9,29.94,7900,2016
27,4932,Eli Manning,NYG,QB,6,BAL,32,46,69.6,403,8.8,3,2,100.18,0,0,0.0,0,29.1,29.12,5400,2016
28,9038,Matthew Stafford,DET,QB,1,IND,31,39,79.5,340,8.7,3,0,128.63,2,5,2.5,0,29.1,29.1,6200,2016
29,16763,Marcus Mariota,TEN,QB,6,CLE,17,24,70.8,284,11.8,3,1,132.64,7,64,9.1,0,28.8,28.76,7200,2016
30,7242,Drew Brees,NO,QB,7,KC,37,48,77.1,367,7.6,3,1,110.33,0,0,0.0,0,28.7,28.68,7300,2016
31,18055,Dak Prescott,DAL,QB,8,PHI,19,39,48.7,287,7.4,2,1,79.75,7,38,5.4,1,28.3,28.28,6600,2016
32,14252,Kirk Cousins,WAS,QB,8,CIN,38,56,67.9,458,8.2,2,1,97.17,3,-1,-0.3,0,28.2,28.22,6400,2016
33,9038,Matthew Stafford,DET,QB,6,LAR,23,31,74.2,270,8.7,4,0,139.78,5,14,2.8,0,28.2,28.2,5200,2016
34,13799,Ryan Tannehill,MIA,QB,2,NE,32,45,71.1,387,8.6,2,2,93.47,6,35,5.8,0,28.0,27.98,5000,2016
35,2593,Aaron Rodgers,GB,QB,7,CHI,39,56,69.6,326,5.8,3,0,102.23,2,7,3.5,0,27.7,27.74,5000,2016
36,7242,Drew Brees,NO,QB,9,SF,28,39,71.8,323,8.3,3,0,122.06,2,-2,-1.0,0,27.7,27.72,5000,2016
37,2428,Carson Palmer,ARI,QB,8,CAR,35,46,76.1,363,7.9,3,1,111.05,0,0,0.0,0,27.5,27.52,6500,2016
38,732,Matt Ryan,ATL,QB,1,TB,27,39,69.2,334,8.6,2,0,112.55,3,10,3.3,0,27.4,27.36,6800,2016
39,13443,Colin Kaepernick,SF,QB,9,NO,24,39,61.5,398,10.2,2,1,102.3,5,23,4.6,0,27.2,27.22,6900,2016
40,2593,Aaron Rodgers,GB,QB,9,IND,26,43,60.5,297,6.9,3,1,94.82,6,43,7.2,0,27.2,27.18,7800,2016
41,2428,Carson Palmer,ARI,QB,2,TB,17,30,56.7,304,10.1,3,0,124.86,0,0,0.0,0,27.2,27.16,7500,2016
42,12831,Tyrod Taylor,BUF,QB,9,SEA,27,38,71.1,289,7.6,1,1,90.79,8,43,5.4,1,26.9,26.86,7600,2016
42,14536,Russell Wilson,SEA,QB,4,NYJ,23,32,71.9,309,9.7,3,0,133.46,5,-5,-1.0,0,26.9,26.86,5000,2016
44,8358,Brian Hoyer,CHI,QB,5,IND,33,43,76.7,397,9.2,2,0,120.01,1,-1,-1.0,0,26.8,26.78,6300,2016
45,732,Matt Ryan,ATL,QB,6,SEA,27,42,64.3,335,8.0,3,1,102.78,1,2,2.0,0,26.6,26.6,8200,2016
46,16762,Jameis Winston,TB,QB,1,ATL,23,32,71.9,281,8.8,4,1,125.13,4,3,0.8,0,26.5,26.54,6400,2016
47,2593,Aaron Rodgers,GB,QB,3,DET,15,24,62.5,205,8.5,4,0,129.34,5,22,4.4,0,26.4,26.4,6100,2016
48,14536,Russell Wilson,SEA,QB,9,BUF,20,26,76.9,282,10.8,2,0,137.02,3,10,3.3,1,26.3,26.28,5000,2016
49,16311,Derek Carr,OAK,QB,5,LAC,25,40,62.5,317,7.9,2,1,93.44,2,13,6.5,0,26.0,25.98,5700,2016
50,16245,Blake Bortles,JAX,QB,4,IND,19,33,57.6,207,6.3,2,0,96.4,7,36,5.1,1,25.9,25.88,7300,2016
51,3807,Ben Roethlisberger,PIT,QB,1,WAS,27,37,73.0,300,8.1,3,1,112.44,1,-2,-2.0,0,25.8,25.8,5600,2016
52,5282,Josh McCown,CLE,QB,8,NYJ,25,49,51.0,341,7.0,2,2,70.2,3,10,3.3,0,25.6,25.64,6300,2016
53,14252,Kirk Cousins,WAS,QB,7,DET,30,39,76.9,301,7.7,1,0,106.89,3,15,5.0,1,25.5,25.54,6400,2016
54,12831,Tyrod Taylor,BUF,QB,2,NYJ,18,30,60.0,297,9.9,3,1,112.78,2,25,12.5,0,25.4,25.38,5000,2016
55,16311,Derek Carr,OAK,QB,1,NO,24,38,63.2,319,8.4,1,0,98.46,2,16,8.0,0,25.4,25.36,7900,2016
56,14008,Andrew Luck,IND,QB,5,CHI,28,39,71.8,322,8.3,2,0,113.41,5,13,2.6,0,25.2,25.18,5000,2016
57,16311,Derek Carr,OAK,QB,2,ATL,34,45,75.6,299,6.6,3,0,114.95,2,10,5.0,0,25.0,24.96,5600,2016
57,13799,Ryan Tannehill,MIA,QB,3,CLE,25,39,64.1,319,8.2,3,2,93.86,1,2,2.0,0,25.0,24.96,7700,2016
59,8244,Philip Rivers,LAC,QB,2,JAX,17,24,70.8,220,9.2,4,0,138.89,1,10,10.0,0,24.8,24.8,6100,2016
60,17966,Cody Kessler,CLE,QB,6,TEN,26,41,63.4,336,8.2,2,0,105.34,1,3,3.0,0,24.7,24.74,7000,2016
61,16245,Blake Bortles,JAX,QB,2,LAC,31,50,62.0,329,6.6,2,2,77.83,3,34,11.3,0,24.6,24.56,7400,2016
62,732,Matt Ryan,ATL,QB,8,GB,28,35,80.0,288,8.2,3,0,129.52,2,9,4.5,0,24.4,24.42,5100,2016
63,14008,Andrew Luck,IND,QB,6,HOU,21,32,65.6,252,7.9,1,1,86.98,7,53,7.6,1,24.4,24.38,5900,2016
64,12831,Tyrod Taylor,BUF,QB,7,MIA,14,28,50.0,221,7.9,1,0,88.54,7,35,5.0,1,24.3,24.34,6700,2016
65,8283,Ryan Fitzpatrick,NYJ,QB,2,BUF,24,34,70.6,374,11.0,1,0,116.54,5,21,4.2,0,24.1,24.06,7200,2016
66,17920,Carson Wentz,PHI,QB,3,PIT,23,31,74.2,301,9.7,2,0,125.87,1,10,10.0,0,24.0,24.04,6200,2016
67,18055,Dak Prescott,DAL,QB,9,CLE,21,27,77.8,247,9.1,3,0,141.82,4,20,5.0,0,23.9,23.88,6000,2016
67,4932,Eli Manning,NYG,QB,9,PHI,22,36,61.1,257,7.1,4,2,96.64,2,-4,-2.0,0,23.9,23.88,5200,2016
69,16311,Derek Carr,OAK,QB,4,BAL,25,35,71.4,199,5.7,4,0,123.39,3,-2,-0.7,0,23.8,23.76,5500,2016
70,2593,Aaron Rodgers,GB,QB,1,JAX,20,34,58.8,199,5.9,2,0,95.1,4,16,4.0,1,23.6,23.56,5000,2016
71,18055,Dak Prescott,DAL,QB,3,CHI,19,24,79.2,248,10.3,1,0,123.61,4,36,9.0,1,23.5,23.52,5000,2016
72,12841,Andy Dalton,CIN,QB,7,CLE,19,28,67.9,308,11.0,2,0,128.27,0,0,0.0,0,23.3,23.32,5000,2016
73,611,Joe Flacco,BAL,QB,4,OAK,32,52,61.5,298,5.7,1,0,83.65,1,1,1.0,1,23.0,23.02,5800,2016
74,8358,Brian Hoyer,CHI,QB,3,DAL,30,49,61.2,317,6.5,2,0,93.66,2,2,1.0,0,22.9,22.88,6100,2016
75,16762,Jameis Winston,TB,QB,9,ATL,23,37,62.2,261,7.1,3,0,110.3,2,14,7.0,0,22.8,22.84,7400,2016
75,8244,Philip Rivers,LAC,QB,4,NO,28,43,65.1,321,7.5,2,1,93.27,1,0,0.0,0,22.8,22.84,7200,2016
77,8358,Brian Hoyer,CHI,QB,4,DET,28,36,77.8,302,8.4,2,0,120.14,3,-3,-1.0,0,22.8,22.78,7700,2016
78,12982,Blaine Gabbert,SF,QB,2,CAR,17,36,47.2,243,6.8,2,2,64.93,3,10,3.3,1,22.7,22.72,7300,2016
79,14252,Kirk Cousins,WAS,QB,2,DAL,28,46,60.9,364,7.9,1,1,83.97,2,20,10.0,0,22.6,22.56,7000,2016
80,16245,Blake Bortles,JAX,QB,9,KC,22,41,53.7,252,6.1,2,1,78.51,6,54,9.0,0,22.5,22.48,5800,2016
81,12841,Andy Dalton,CIN,QB,2,PIT,31,54,57.4,366,6.8,1,0,84.34,2,7,3.5,0,22.3,22.34,7900,2016
82,12841,Andy Dalton,CIN,QB,5,DAL,29,41,70.7,269,6.6,2,0,104.62,6,34,5.7,0,22.2,22.16,6700,2016
82,13320,Cam Newton,CAR,QB,1,DEN,18,33,54.5,194,5.9,1,1,69.51,11,54,4.9,1,22.2,22.16,5900,2016
84,12841,Andy Dalton,CIN,QB,6,NE,21,31,67.7,254,8.2,1,0,103.43,2,17,8.5,1,21.9,21.86,5000,2016
85,3807,Ben Roethlisberger,PIT,QB,2,CIN,19,37,51.4,259,7.0,3,2,78.55,1,14,14.0,0,21.8,21.76,6800,2016
86,16762,Jameis Winston,TB,QB,7,SF,21,30,70.0,269,9.0,3,1,117.22,1,-1,-1.0,0,21.7,21.66,5300,2016
87,12982,Blaine Gabbert,SF,QB,5,ARI,18,31,58.1,162,5.2,1,2,56.12,10,70,7.0,1,21.5,21.48,5800,2016
88,12841,Andy Dalton,CIN,QB,8,WAS,27,42,64.3,284,6.8,1,1,81.85,4,21,5.2,1,21.5,21.46,5700,2016
89,18079,Kevin Hogan,CLE,QB,7,CIN,12,24,50.0,100,4.2,0,2,26.39,7,104,14.9,1,21.4,21.4,5000,2016
90,12841,Andy Dalton,CIN,QB,1,NYJ,23,30,76.7,366,12.2,1,1,114.03,3,7,2.3,0,21.3,21.34,7800,2016
91,16041,Jimmy Garoppolo,NE,QB,2,MIA,18,26,69.2,232,8.9,3,0,135.42,0,0,0.0,0,21.3,21.28,6200,2016
92,611,Joe Flacco,BAL,QB,2,CLE,25,45,55.6,302,6.7,2,2,72.64,1,1,1.0,0,21.2,21.18,7600,2016
93,12831,Tyrod Taylor,BUF,QB,6,SF,17,26,65.4,179,6.9,2,0,110.9,8,68,8.5,0,21.0,20.96,6000,2016
94,7242,Drew Brees,NO,QB,8,SEA,27,35,77.1,265,7.6,1,0,107.44,1,1,1.0,1,20.7,20.7,6400,2016
95,18055,Dak Prescott,DAL,QB,6,GB,18,27,66.7,247,9.1,3,1,117.36,1,6,6.0,0,20.5,20.48,7100,2016
96,14008,Andrew Luck,IND,QB,8,KC,19,35,54.3,210,6.0,2,1,79.46,9,60,6.7,0,20.4,20.4,5000,2016
97,732,Matt Ryan,ATL,QB,3,NO,20,30,66.7,240,8.0,2,0,113.19,5,23,4.6,0,19.9,19.9,5000,2016
97,16763,Marcus Mariota,TEN,QB,8,JAX,18,22,81.8,270,12.3,2,0,148.11,3,11,3.7,0,19.9,19.9,6500,2016
99,3807,Ben Roethlisberger,PIT,QB,9,BAL,23,45,51.1,264,5.9,1,1,67.27,3,3,1.0,1,19.9,19.86,6900,2016
100,9038,Matthew Stafford,DET,QB,5,PHI,19,25,76.0,180,7.2,3,0,135.0,6,16,2.7,0,19.8,19.8,6000,2016
101,8244,Philip Rivers,LAC,QB,7,ATL,27,44,61.4,371,8.4,1,1,86.46,1,-2,-2.0,0,19.6,19.64,5900,2016
102,2593,Aaron Rodgers,GB,QB,2,MIN,20,36,55.6,213,5.9,1,1,70.72,3,29,9.7,1,19.4,19.42,5100,2016
103,14252,Kirk Cousins,WAS,QB,3,NYG,21,35,60.0,296,8.5,2,0,106.37,3,-5,-1.7,0,19.3,19.34,5500,2016
104,4932,Eli Manning,NYG,QB,1,DAL,19,28,67.9,207,7.4,3,1,110.27,1,0,0.0,0,19.3,19.28,5000,2016
105,17920,Carson Wentz,PHI,QB,1,CLE,22,37,59.5,278,7.5,2,0,100.96,2,1,0.5,0,19.2,19.22,5000,2016
106,11527,Sam Bradford,MIN,QB,2,GB,22,31,71.0,286,9.2,2,0,121.17,1,-3,-3.0,0,19.1,19.14,5000,2016
107,15694,Case Keenum,LAR,QB,4,ARI,18,30,60.0,266,8.9,2,0,111.25,3,14,4.7,0,19.0,19.04,5000,2016
108,16245,Blake Bortles,JAX,QB,1,GB,24,39,61.5,320,8.2,1,1,85.42,2,2,1.0,0,19.0,19.0,5700,2016
108,4932,Eli Manning,NYG,QB,3,WAS,25,38,65.8,350,9.2,1,2,82.13,0,0,0.0,0,19.0,19.0,5900,2016
110,2428,Carson Palmer,ARI,QB,1,NE,24,37,64.9,271,7.3,2,0,104.67,2,1,0.5,0,18.9,18.94,7000,2016
111,16762,Jameis Winston,TB,QB,8,OAK,16,32,50.0,180,5.6,2,0,88.02,3,16,5.3,0,18.8,18.8,6300,2016
112,16763,Marcus Mariota,TEN,QB,1,MIN,25,41,61.0,271,6.6,2,1,86.53,4,19,4.8,0,18.7,18.74,7100,2016
113,8244,Philip Rivers,LAC,QB,9,TEN,24,33,72.7,275,8.3,2,0,117.61,3,-3,-1.0,0,18.7,18.7,6100,2016
114,6739,Alex Smith,KC,QB,4,PIT,30,50,60.0,287,5.7,2,1,81.0,1,2,2.0,0,18.7,18.68,5600,2016
115,14008,Andrew Luck,IND,QB,4,JAX,27,42,64.3,234,5.6,2,1,84.82,4,23,5.8,0,18.7,18.66,7600,2016
116,11527,Sam Bradford,MIN,QB,5,HOU,22,30,73.3,271,9.0,2,0,123.06,2,-2,-1.0,0,18.6,18.64,6900,2016
117,18055,Dak Prescott,DAL,QB,5,CIN,18,24,75.0,227,9.5,1,0,117.88,7,4,0.6,1,18.5,18.48,5300,2016
118,14252,Kirk Cousins,WAS,QB,6,PHI,18,34,52.9,263,7.7,2,1,85.78,2,8,4.0,0,18.3,18.32,5000,2016
118,14252,Kirk Cousins,WAS,QB,4,CLE,21,27,77.8,183,6.8,3,1,116.51,0,0,0.0,0,18.3,18.32,7300,2016
120,18055,Dak Prescott,DAL,QB,2,WAS,22,30,73.3,292,9.7,0,0,103.75,1,6,6.0,1,18.3,18.28,5100,2016
121,14008,Andrew Luck,IND,QB,3,LAC,24,37,64.9,331,8.9,1,1,91.16,0,0,0.0,0,18.2,18.24,5400,2016
122,4314,Tom Brady,NE,QB,7,PIT,19,26,73.1,222,8.5,2,0,124.2,5,13,2.6,0,18.2,18.18,6100,2016
123,12831,Tyrod Taylor,BUF,QB,8,NE,19,38,50.0,183,4.8,0,0,63.82,5,48,9.6,1,18.1,18.12,5000,2016
124,18055,Dak Prescott,DAL,QB,4,SF,23,32,71.9,245,7.7,2,0,114.71,5,3,0.6,0,18.1,18.1,7800,2016
125,13443,Colin Kaepernick,SF,QB,6,BUF,13,29,44.8,187,6.4,1,0,77.8,8,66,8.2,0,18.1,18.08,5000,2016
126,17920,Carson Wentz,PHI,QB,5,DET,25,33,75.8,238,7.2,2,1,102.84,2,14,7.0,0,17.9,17.92,5800,2016
127,2593,Aaron Rodgers,GB,QB,5,NYG,23,45,51.1,259,5.8,2,2,64.95,5,15,3.0,0,17.9,17.86,7400,2016
128,9038,Matthew Stafford,DET,QB,7,WAS,18,29,62.1,266,9.2,1,0,103.52,2,32,16.0,0,17.8,17.84,5800,2016
129,16763,Marcus Mariota,TEN,QB,7,IND,22,37,59.5,232,6.3,2,0,95.78,2,14,7.0,0,17.7,17.68,6500,2016
130,14053,Brock Osweiler,HOU,QB,1,CHI,22,35,62.9,231,6.6,2,1,89.11,4,14,3.5,0,17.6,17.64,6600,2016
131,16763,Marcus Mariota,TEN,QB,2,DET,25,33,75.8,238,7.2,2,1,102.84,2,11,5.5,0,17.6,17.62,5000,2016
132,14053,Brock Osweiler,HOU,QB,4,TEN,25,37,67.6,254,6.9,2,2,82.49,1,14,14.0,0,17.6,17.56,6400,2016
133,2428,Carson Palmer,ARI,QB,7,SEA,29,49,59.2,342,7.0,0,0,80.48,1,8,8.0,0,17.5,17.48,6700,2016
134,12831,Tyrod Taylor,BUF,QB,3,ARI,14,25,56.0,119,4.8,0,1,51.92,9,76,8.4,1,17.4,17.36,5400,2016
134,14053,Brock Osweiler,HOU,QB,6,IND,25,39,64.1,269,6.9,2,1,90.65,2,-4,-2.0,0,17.4,17.36,5500,2016
136,17009,Trevor Siemian,DEN,QB,9,OAK,18,37,48.6,283,7.6,2,1,81.25,0,0,0.0,0,17.3,17.32,5400,2016
137,6739,Alex Smith,KC,QB,7,NO,17,24,70.8,214,8.9,2,0,126.04,4,7,1.8,0,17.3,17.26,5000,2016
138,13723,Nick Foles,KC,QB,8,IND,16,22,72.7,223,10.1,2,0,135.23,1,-1,-1.0,0,16.8,16.82,5000,2016
139,12831,Tyrod Taylor,BUF,QB,4,NE,27,39,69.2,246,6.3,1,0,94.6,5,28,5.6,0,16.6,16.64,5000,2016
140,9038,Matthew Stafford,DET,QB,2,TEN,22,40,55.0,260,6.5,1,1,72.92,2,31,15.5,0,16.5,16.5,5000,2016
141,11527,Sam Bradford,MIN,QB,9,DET,31,40,77.5,273,6.8,1,0,103.44,0,0,0.0,0,16.4,16.42,5100,2016
142,5282,Josh McCown,CLE,QB,2,BAL,20,33,60.6,260,7.9,2,2,80.37,2,0,0.0,0,16.4,16.4,5700,2016
143,4932,Eli Manning,NYG,QB,2,NO,32,41,78.0,368,9.0,0,0,104.07,4,-4,-1.0,0,16.3,16.32,6200,2016
144,13799,Ryan Tannehill,MIA,QB,7,BUF,15,25,60.0,204,8.2,1,0,99.42,6,21,3.5,0,16.3,16.26,7100,2016
145,13443,Colin Kaepernick,SF,QB,7,TB,16,34,47.1,143,4.2,1,1,56.37,9,84,9.3,0,16.1,16.12,7700,2016
146,13320,Cam Newton,CAR,QB,3,MIN,21,35,60.0,262,7.5,0,3,47.56,7,26,3.7,1,16.1,16.08,7200,2016
147,8283,Ryan Fitzpatrick,NYJ,QB,1,CIN,19,35,54.3,189,5.4,2,1,76.96,4,15,3.8,0,16.1,16.06,7500,2016
147,16041,Jimmy Garoppolo,NE,QB,1,ARI,24,33,72.7,264,8.0,1,0,106.12,4,12,3.0,0,16.1,16.06,5000,2016
149,611,Joe Flacco,BAL,QB,9,PIT,18,30,60.0,241,8.0,1,1,82.78,3,12,4.0,0,15.8,15.84,6000,2016
150,12831,Tyrod Taylor,BUF,QB,5,LAR,12,23,52.2,124,5.4,2,0,97.01,5,28,5.6,0,15.8,15.76,6900,2016
150,9038,Matthew Stafford,DET,QB,9,MIN,23,36,63.9,219,6.1,2,1,87.62,0,0,0.0,0,15.8,15.76,5100,2016
152,8244,Philip Rivers,LAC,QB,8,DEN,20,47,42.6,267,5.7,2,3,48.8,0,0,0.0,0,15.7,15.68,5500,2016
153,13320,Cam Newton,CAR,QB,4,ATL,14,25,56.0,165,6.6,1,0,89.58,5,30,6.0,0,15.6,15.6,5000,2016
154,16762,Jameis Winston,TB,QB,5,CAR,18,30,60.0,219,7.3,1,0,93.61,4,6,1.5,0,15.4,15.36,6600,2016
155,611,Joe Flacco,BAL,QB,6,NYG,26,48,54.2,307,6.4,0,0,73.87,1,0,0.0,0,15.3,15.28,5100,2016
156,8244,Philip Rivers,LAC,QB,3,IND,26,39,66.7,326,8.4,0,0,92.47,1,2,2.0,0,15.2,15.24,5500,2016
157,17920,Carson Wentz,PHI,QB,9,NYG,27,47,57.4,364,7.7,0,2,64.49,4,-4,-1.0,0,15.2,15.16,5000,2016
158,13799,Ryan Tannehill,MIA,QB,1,SEA,16,29,55.2,186,6.4,0,0,74.78,5,17,3.4,1,15.1,15.14,5200,2016
158,16245,Blake Bortles,JAX,QB,7,OAK,23,43,53.5,246,5.7,1,2,58.87,5,33,6.6,0,15.1,15.14,5900,2016
160,8283,Ryan Fitzpatrick,NYJ,QB,5,PIT,25,38,65.8,255,6.7,1,0,93.64,1,9,9.0,0,15.1,15.1,5000,2016
161,11527,Sam Bradford,MIN,QB,4,NYG,26,36,72.2,262,7.3,1,0,101.85,4,6,1.5,0,15.1,15.08,5700,2016
161,8358,Brian Hoyer,CHI,QB,6,JAX,30,49,61.2,302,6.2,0,0,78.78,1,0,0.0,0,15.1,15.08,7300,2016
163,732,Matt Ryan,ATL,QB,5,DEN,15,28,53.6,267,9.5,1,0,98.36,3,3,1.0,0,15.0,14.98,5300,2016
164,14252,Kirk Cousins,WAS,QB,1,PIT,30,43,69.8,329,7.7,0,2,72.72,1,8,8.0,0,15.0,14.96,6100,2016
165,18018,Jacoby Brissett,NE,QB,3,HOU,11,19,57.9,103,5.4,0,0,72.92,8,48,6.0,1,14.9,14.92,5000,2016
166,12083,Derek Anderson,CAR,QB,4,ATL,17,23,73.9,172,7.5,2,2,87.59,0,0,0.0,0,14.9,14.88,6800,2016
167,15694,Case Keenum,LAR,QB,9,CAR,27,46,58.7,296,6.4,1,1,76.0,0,0,0.0,0,14.8,14.84,5800,2016
168,14008,Andrew Luck,IND,QB,9,GB,23,36,63.9,281,7.8,1,2,73.96,7,15,2.1,0,14.7,14.74,5400,2016
169,732,Matt Ryan,ATL,QB,7,LAC,22,34,64.7,273,8.0,1,1,87.01,3,8,2.7,0,14.7,14.72,6400,2016
170,15694,Case Keenum,LAR,QB,3,TB,14,26,53.8,190,7.3,2,1,87.02,2,1,0.5,0,14.7,14.7,5000,2016
171,12841,Andy Dalton,CIN,QB,4,MIA,22,31,71.0,296,9.5,1,0,111.76,6,-12,-2.0,0,14.6,14.64,5200,2016
172,8244,Philip Rivers,LAC,QB,1,KC,25,36,69.4,243,6.8,1,0,97.34,2,9,4.5,0,14.6,14.62,5000,2016
173,13320,Cam Newton,CAR,QB,9,LAR,20,32,62.5,225,7.0,1,0,93.88,7,16,2.3,0,14.6,14.6,5600,2016
174,7242,Drew Brees,NO,QB,2,NYG,29,44,65.9,263,6.0,1,0,89.49,0,0,0.0,0,14.5,14.52,5800,2016
175,12982,Blaine Gabbert,SF,QB,1,LAR,22,35,62.9,170,4.9,1,0,84.23,9,43,4.8,0,14.5,14.5,6700,2016
176,2593,Aaron Rodgers,GB,QB,6,DAL,31,42,73.8,294,7.0,1,1,90.77,3,7,2.3,0,14.5,14.46,6000,2016
176,16245,Blake Bortles,JAX,QB,3,BAL,24,38,63.2,194,5.1,2,3,60.64,3,17,5.7,0,14.5,14.46,7300,2016
178,8283,Ryan Fitzpatrick,NYJ,QB,8,CLE,16,34,47.1,228,6.7,1,0,79.04,4,13,3.2,0,14.4,14.42,7500,2016
179,8972,Jay Cutler,CHI,QB,8,MIN,20,31,64.5,252,8.1,1,0,100.47,1,2,2.0,0,14.3,14.28,7700,2016
180,14971,Landry Jones,PIT,QB,7,NE,29,47,61.7,281,6.0,1,1,76.64,0,0,0.0,0,14.2,14.24,5900,2016
181,14536,Russell Wilson,SEA,QB,3,SF,15,23,65.2,243,10.6,1,0,114.95,1,3,3.0,0,14.0,14.02,5700,2016
182,14536,Russell Wilson,SEA,QB,1,MIA,27,43,62.8,258,6.0,1,1,77.47,4,16,4.0,0,13.9,13.92,7900,2016
183,7242,Drew Brees,NO,QB,4,LAC,23,36,63.9,207,5.8,2,2,74.65,4,-4,-1.0,0,13.9,13.88,5900,2016
184,611,Joe Flacco,BAL,QB,3,JAX,29,40,72.5,214,5.4,0,2,63.96,3,12,4.0,1,13.8,13.76,5200,2016
185,17929,Paxton Lynch,DEN,QB,5,ATL,23,35,65.7,223,6.4,1,1,81.01,6,18,3.0,0,13.7,13.72,5800,2016
186,9038,Matthew Stafford,DET,QB,8,HOU,27,41,65.9,240,5.9,1,0,89.48,0,0,0.0,0,13.6,13.6,5000,2016
187,12982,Blaine Gabbert,SF,QB,4,DAL,16,23,69.6,196,8.5,1,1,91.94,12,27,2.2,0,13.5,13.54,6200,2016
188,2428,Carson Palmer,ARI,QB,4,LAR,23,36,63.9,288,8.0,1,1,86.34,0,0,0.0,0,13.5,13.52,5300,2016
189,17009,Trevor Siemian,DEN,QB,6,LAC,30,50,60.0,230,4.6,1,0,77.92,1,1,1.0,0,13.3,13.3,5500,2016
189,14252,Kirk Cousins,WAS,QB,5,BAL,29,41,70.7,260,6.3,1,1,85.42,1,-1,-1.0,0,13.3,13.3,8100,2016
191,17966,Cody Kessler,CLE,QB,9,DAL,19,27,70.4,203,7.5,1,0,104.4,2,11,5.5,0,13.2,13.22,5000,2016
192,6739,Alex Smith,KC,QB,3,NYJ,25,33,75.8,237,7.2,1,0,105.24,3,-3,-1.0,0,13.2,13.18,5000,2016
193,11527,Sam Bradford,MIN,QB,8,CHI,23,37,62.2,228,6.2,1,0,88.57,0,0,0.0,0,13.1,13.12,5400,2016
194,16762,Jameis Winston,TB,QB,4,DEN,17,35,48.6,179,5.1,0,2,40.06,5,19,3.8,1,13.1,13.06,7100,2016
195,611,Joe Flacco,BAL,QB,1,BUF,22,33,66.7,258,7.8,1,0,100.32,4,-3,-0.8,0,13.0,13.02,5400,2016
196,611,Joe Flacco,BAL,QB,5,WAS,30,46,65.2,210,4.6,1,0,82.7,1,6,6.0,0,13.0,13.0,5600,2016
197,16245,Blake Bortles,JAX,QB,6,CHI,20,33,60.6,271,8.2,1,1,84.28,3,1,0.3,0,12.9,12.94,6900,2016
198,16311,Derek Carr,OAK,QB,3,TEN,21,35,60.0,249,7.1,1,1,79.35,1,-1,-1.0,0,12.9,12.86,5000,2016
199,8972,Jay Cutler,CHI,QB,1,HOU,16,29,55.2,216,7.4,1,1,76.22,2,12,6.0,0,12.8,12.84,6300,2016
200,13320,Cam Newton,CAR,QB,8,ARI,14,27,51.9,212,7.9,0,0,78.01,7,43,6.1,0,12.8,12.78,6500,2016
201,4737,Drew Stanton,ARI,QB,5,SF,11,28,39.3,124,4.4,2,0,77.08,2,-2,-1.0,0,12.8,12.76,6100,2016
202,17920,Carson Wentz,PHI,QB,2,CHI,21,34,61.8,190,5.6,1,0,86.64,6,10,1.7,0,12.6,12.6,5200,2016
203,2428,Carson Palmer,ARI,QB,6,NYJ,23,34,67.6,213,6.3,1,0,94.36,3,-1,-0.3,0,12.4,12.42,6000,2016
203,14053,Brock Osweiler,HOU,QB,2,KC,19,33,57.6,268,8.1,1,2,68.75,2,-3,-1.5,0,12.4,12.42,5000,2016
205,16311,Derek Carr,OAK,QB,7,JAX,23,37,62.2,200,5.4,1,0,85.42,4,4,1.0,0,12.4,12.4,5000,2016
206,8283,Ryan Fitzpatrick,NYJ,QB,9,MIA,16,27,59.3,194,7.2,1,2,62.89,3,26,8.7,0,12.4,12.36,5900,2016
207,17009,Trevor Siemian,DEN,QB,2,IND,22,33,66.7,266,8.1,0,1,78.6,1,7,7.0,0,12.3,12.34,5800,2016
208,17966,Cody Kessler,CLE,QB,4,WAS,28,40,70.0,223,5.6,1,1,81.56,2,2,1.0,0,12.1,12.12,7200,2016
209,14008,Andrew Luck,IND,QB,2,DEN,21,40,52.5,197,4.9,1,1,64.27,3,22,7.3,0,12.1,12.08,5700,2016
210,8283,Ryan Fitzpatrick,NYJ,QB,4,SEA,23,41,56.1,261,6.4,1,3,53.0,2,5,2.5,0,11.9,11.94,7100,2016
210,15694,Case Keenum,LAR,QB,7,NYG,32,53,60.4,291,5.5,1,4,50.12,1,3,3.0,0,11.9,11.94,7900,2016
212,16311,Derek Carr,OAK,QB,6,KC,22,34,64.7,225,6.6,1,1,81.13,3,8,2.7,0,11.8,11.8,6100,2016
213,17920,Carson Wentz,PHI,QB,8,DAL,32,43,74.4,202,4.7,1,0,91.42,1,-3,-3.0,0,11.8,11.78,6100,2016
214,14536,Russell Wilson,SEA,QB,2,LAR,22,35,62.9,254,7.3,0,0,84.7,5,14,2.8,0,11.6,11.56,7400,2016
214,3807,Ben Roethlisberger,PIT,QB,6,MIA,19,34,55.9,189,5.6,1,2,57.11,0,0,0.0,0,11.6,11.56,6500,2016
216,14536,Russell Wilson,SEA,QB,6,ATL,25,37,67.6,270,7.3,0,0,88.8,6,7,1.2,0,11.5,11.5,5100,2016
217,12841,Andy Dalton,CIN,QB,3,DEN,21,31,67.7,206,6.6,0,1,72.78,6,40,6.7,0,11.2,11.24,5900,2016
218,13723,Nick Foles,KC,QB,9,JAX,20,33,60.6,187,5.7,1,0,86.3,3,-3,-1.0,0,11.2,11.18,6400,2016
219,8244,Philip Rivers,LAC,QB,6,DEN,18,29,62.1,178,6.1,1,0,90.88,0,0,0.0,0,11.1,11.12,5100,2016
219,17009,Trevor Siemian,DEN,QB,1,CAR,18,26,69.2,178,6.8,1,2,69.07,5,20,4.0,0,11.1,11.12,5000,2016
221,4932,Eli Manning,NYG,QB,5,GB,18,35,51.4,199,5.7,1,0,78.15,1,1,1.0,0,11.1,11.06,5500,2016
222,17966,Cody Kessler,CLE,QB,3,MIA,21,33,63.6,244,7.4,0,0,85.92,2,-1,-0.5,0,10.7,10.66,6000,2016
223,11527,Sam Bradford,MIN,QB,3,CAR,18,28,64.3,171,6.1,1,0,93.01,2,-2,-1.0,0,10.6,10.64,5000,2016
224,17929,Paxton Lynch,DEN,QB,4,TB,14,24,58.3,170,7.1,1,0,94.1,3,-4,-1.3,0,10.4,10.4,5300,2016
225,13799,Ryan Tannehill,MIA,QB,6,PIT,24,32,75.0,252,7.9,0,0,97.4,2,3,1.5,0,10.4,10.38,5000,2016
225,12137,Charlie Whitehurst,CLE,QB,5,NE,14,24,58.3,182,7.6,1,1,78.82,2,1,0.5,0,10.4,10.38,5100,2016
227,14053,Brock Osweiler,HOU,QB,5,MIN,19,42,45.2,184,4.4,1,1,56.05,0,0,0.0,0,10.4,10.36,7000,2016
228,14257,Robert Griffin III,CLE,QB,1,PHI,12,26,46.2,190,7.3,0,1,54.97,5,37,7.4,0,10.3,10.3,5100,2016
229,18055,Dak Prescott,DAL,QB,1,NYG,25,45,55.6,227,5.0,0,0,69.4,2,12,6.0,0,10.3,10.28,5900,2016
230,11992,Shaun Hill,MIN,QB,1,TEN,18,33,54.5,236,7.2,0,0,77.34,2,8,4.0,0,10.2,10.24,6700,2016
231,14536,Russell Wilson,SEA,QB,8,NO,22,34,64.7,253,7.4,0,1,74.75,3,11,3.7,0,10.2,10.22,5000,2016
231,9038,Matthew Stafford,DET,QB,4,CHI,23,36,63.9,213,5.9,0,2,56.83,2,17,8.5,0,10.2,10.22,5000,2016
233,17009,Trevor Siemian,DEN,QB,7,HOU,14,25,56.0,157,6.3,1,0,88.25,1,-1,-1.0,0,10.2,10.18,5200,2016
234,14053,Brock Osweiler,HOU,QB,8,DET,20,29,69.0,186,6.4,1,1,83.41,3,-3,-1.0,0,10.1,10.14,5000,2016
235,15694,Case Keenum,LAR,QB,2,SEA,18,30,60.0,239,8.0,0,0,85.28,3,5,1.7,0,10.1,10.06,5000,2016
236,6739,Alex Smith,KC,QB,8,IND,9,19,47.4,127,6.7,1,0,86.95,2,9,4.5,0,10.0,9.98,6200,2016
237,11527,Sam Bradford,MIN,QB,7,PHI,24,41,58.5,224,5.5,1,1,71.6,1,-1,-1.0,0,9.9,9.86,6300,2016
238,14536,Russell Wilson,SEA,QB,7,ARI,24,37,64.9,225,6.1,0,0,81.48,1,-2,-2.0,0,9.7,9.7,5900,2016
239,13799,Ryan Tannehill,MIA,QB,9,NYJ,17,28,60.7,149,5.3,1,0,86.76,2,-3,-1.5,0,9.7,9.66,6000,2016
240,16762,Jameis Winston,TB,QB,2,ARI,27,52,51.9,243,4.7,1,4,39.18,3,9,3.0,0,9.6,9.62,5200,2016
241,13799,Ryan Tannehill,MIA,QB,4,CIN,15,25,60.0,189,7.6,1,1,80.25,0,0,0.0,0,9.6,9.56,5200,2016
242,18018,Jacoby Brissett,NE,QB,4,BUF,17,27,63.0,205,7.6,0,0,86.19,4,23,5.8,0,9.5,9.5,5000,2016
243,4932,Eli Manning,NYG,QB,4,MIN,25,45,55.6,261,5.8,0,1,63.29,0,0,0.0,0,9.4,9.44,5000,2016
244,17920,Carson Wentz,PHI,QB,7,MIN,16,28,57.1,138,4.9,1,2,52.38,5,6,1.2,0,9.1,9.12,7000,2016
245,16763,Marcus Mariota,TEN,QB,4,HOU,13,29,44.8,202,7.0,0,1,54.09,4,20,5.0,0,9.1,9.08,6000,2016
246,15201,Mike Glennon,TB,QB,9,ATL,10,11,90.9,75,6.8,1,0,125.38,0,0,0.0,0,9.0,9.0,7500,2016
247,3807,Ben Roethlisberger,PIT,QB,3,PHI,24,44,54.5,257,5.8,0,1,62.41,1,7,7.0,0,9.0,8.98,7600,2016
248,6739,Alex Smith,KC,QB,6,OAK,19,22,86.4,224,10.2,0,0,109.09,3,-1,-0.3,0,8.9,8.86,5200,2016
249,15694,Case Keenum,LAR,QB,5,BUF,21,31,67.7,271,8.7,0,2,68.08,0,0,0.0,0,8.8,8.84,5800,2016
249,17009,Trevor Siemian,DEN,QB,8,LAC,20,38,52.6,276,7.3,0,1,65.24,3,-2,-0.7,0,8.8,8.84,6900,2016
251,8283,Ryan Fitzpatrick,NYJ,QB,7,BAL,9,14,64.3,120,8.6,1,0,115.18,1,-1,-1.0,0,8.7,8.7,6100,2016
252,12083,Derek Anderson,CAR,QB,5,TB,18,28,64.3,278,9.9,0,2,67.26,1,4,4.0,0,8.5,8.52,6200,2016
253,14895,Geno Smith,NYJ,QB,7,BAL,4,8,50.0,95,11.9,1,0,132.81,1,7,7.0,0,8.5,8.5,5000,2016
254,14053,Brock Osweiler,HOU,QB,3,NE,24,41,58.5,196,4.8,0,1,60.62,1,13,13.0,0,8.1,8.14,6400,2016
255,611,Joe Flacco,BAL,QB,7,NYJ,25,44,56.8,248,5.6,0,2,53.98,1,1,1.0,0,8.0,8.02,5000,2016
256,16763,Marcus Mariota,TEN,QB,3,OAK,17,33,51.5,214,6.5,0,2,46.78,3,22,7.3,0,7.8,7.76,5200,2016
257,16311,Derek Carr,OAK,QB,9,DEN,20,31,64.5,184,5.9,0,0,80.58,4,3,0.8,0,7.7,7.66,6200,2016
258,4932,Eli Manning,NYG,QB,7,LAR,24,37,64.9,196,5.3,0,0,78.21,2,-2,-1.0,0,7.6,7.64,7400,2016
259,2428,Carson Palmer,ARI,QB,3,BUF,26,50,52.0,287,5.7,0,4,36.0,0,0,0.0,0,7.5,7.48,6800,2016
260,17920,Carson Wentz,PHI,QB,6,WAS,11,22,50.0,179,8.1,0,0,77.65,2,2,1.0,0,7.4,7.36,5400,2016
261,17009,Trevor Siemian,DEN,QB,4,TB,5,7,71.4,68,9.7,1,0,141.67,0,0,0.0,0,6.7,6.72,6300,2016
262,17966,Cody Kessler,CLE,QB,5,NE,5,8,62.5,62,7.8,1,0,126.04,1,0,0.0,0,6.5,6.48,7200,2016
263,8283,Ryan Fitzpatrick,NYJ,QB,6,ARI,16,31,51.6,174,5.6,0,1,55.04,1,2,2.0,0,6.2,6.16,5000,2016
264,12982,Blaine Gabbert,SF,QB,3,SEA,14,25,56.0,119,4.8,0,1,51.92,5,22,4.4,0,6.0,5.96,6100,2016
265,14053,Brock Osweiler,HOU,QB,7,DEN,22,41,53.7,131,3.2,0,0,60.11,3,16,5.3,0,5.8,5.84,5900,2016
266,6739,Alex Smith,KC,QB,2,HOU,20,37,54.1,186,5.0,0,0,68.07,2,2,1.0,0,5.6,5.64,5700,2016
266,13799,Ryan Tannehill,MIA,QB,5,TEN,12,18,66.7,191,10.6,0,2,62.27,0,0,0.0,0,5.6,5.64,5900,2016
268,12831,Tyrod Taylor,BUF,QB,1,BAL,15,22,68.2,111,5.0,0,0,79.92,5,11,2.2,0,5.5,5.54,5100,2016
269,17974,Trevone Boykin,SEA,QB,3,SF,7,9,77.8,65,7.2,1,1,94.21,2,-2,-1.0,0,5.4,5.4,5100,2016
270,18018,Jacoby Brissett,NE,QB,2,MIA,6,9,66.7,92,10.2,0,0,100.23,4,12,3.0,0,4.9,4.88,5800,2016
271,8972,Jay Cutler,CHI,QB,2,PHI,12,17,70.6,157,9.2,0,1,74.88,0,0,0.0,0,4.3,4.28,5500,2016
272,15694,Case Keenum,LAR,QB,1,SF,17,35,48.6,130,3.7,0,2,34.23,3,10,3.3,0,4.2,4.2,7100,2016
273,8283,Ryan Fitzpatrick,NYJ,QB,3,KC,20,44,45.5,188,4.3,0,6,18.18,3,22,7.3,0,3.7,3.72,7800,2016
274,14868,EJ Manuel,BUF,QB,8,NE,1,2,50.0,35,17.5,0,0,95.83,0,0,0.0,0,3.4,3.4,6600,2016
275,8358,Brian Hoyer,CHI,QB,2,PHI,9,12,75.0,78,6.5,0,0,91.67,0,0,0.0,0,3.1,3.12,5700,2016
276,17966,Cody Kessler,CLE,QB,7,CIN,9,11,81.8,82,7.5,0,0,97.73,1,-2,-2.0,0,3.1,3.08,7200,2016
277,8358,Brian Hoyer,CHI,QB,7,GB,4,11,36.4,49,4.5,0,0,50.95,0,0,0.0,0,2.0,1.96,6500,2016
278,11422,Joe Webb,CAR,QB,4,ATL,0,0,0.0,0,0.0,0,0,0.0,0,0,0.0,0,1.3,1.3,5700,2016
279,14855,Matt Barkley,CHI,QB,7,GB,6,15,40.0,81,5.4,0,2,18.33,1,-1,-1.0,0,1.1,1.14,5600,2016
280,14868,EJ Manuel,BUF,QB,6,SF,0,2,0.0,0,0.0,0,0,39.58,3,11,3.7,0,1.1,1.1,5000,2016
281,16864,Bryce Petty,NYJ,QB,9,MIA,2,2,100.0,19,9.5,0,0,106.25,0,0,0.0,0,0.8,0.76,5000,2016
282,14868,EJ Manuel,BUF,QB,2,NYJ,1,1,100.0,10,10.0,0,0,108.33,2,2,1.0,0,0.6,0.6,5000,2016
282,8723,Matt Cassel,TEN,QB,8,JAX,1,1,100.0,10,10.0,0,0,108.33,1,2,2.0,0,0.6,0.6,5000,2016
284,4737,Drew Stanton,ARI,QB,2,TB,1,4,25.0,11,2.8,0,0,39.58,0,0,0.0,0,0.4,0.44,7000,2016
284,14895,Geno Smith,NYJ,QB,6,ARI,4,6,66.7,31,5.2,0,1,39.58,1,2,2.0,0,0.4,0.44,5600,2016
286,4737,Drew Stanton,ARI,QB,6,NYJ,1,1,100.0,12,12.0,0,0,116.67,1,-1,-1.0,0,0.4,0.38,5200,2016
287,12771,Ryan Mallett,BAL,QB,9,PIT,1,1,100.0,9,9.0,0,0,104.17,0,0,0.0,0,0.4,0.36,5600,2016
288,18079,Kevin Hogan,CLE,QB,8,NYJ,2,2,100.0,4,2.0,0,0,79.17,0,0,0.0,0,0.2,0.16,6700,2016
289,12083,Derek Anderson,CAR,QB,3,MIN,1,1,100.0,3,3.0,0,0,79.17,0,0,0.0,0,0.1,0.12,6400,2016
289,8415,Mark Sanchez,DAL,QB,9,CLE,1,1,100.0,8,8.0,0,0,100.0,2,-2,-1.0,0,0.1,0.12,5000,2016
291,11422,Joe Webb,CAR,QB,1,DEN,0,0,0.0,0,0.0,0,0,0.0,0,0,0.0,0,0.0,0.0,5000,2016
291,13443,Colin Kaepernick,SF,QB,1,LAR,0,0,0.0,0,0.0,0,0,0.0,0,0,0.0,0,0.0,0.0,5800,2016
291,11422,Joe Webb,CAR,QB,3,MIN,0,0,0.0,0,0.0,0,0,0.0,0,0,0.0,0,0.0,0.0,6300,2016
291,5054,Kellen Clemens,LAC,QB,6,DEN,0,0,0.0,0,0.0,0,0,0.0,0,0,0.0,0,0.0,0.0,6100,2016
291,11422,Joe Webb,CAR,QB,6,NO,0,0,0.0,0,0.0,0,0,0.0,0,0,0.0,0,0.0,0.0,5900,2016
291,16116,AJ McCarron,CIN,QB,6,NE,0,0,0.0,0,0.0,0,0,0.0,0,0,0.0,0,0.0,0.0,5100,2016
291,14971,Landry Jones,PIT,QB,4,KC,0,0,0.0,0,0.0,0,0,0.0,2,0,0.0,0,0.0,0.0,5100,2016
291,11422,Joe Webb,CAR,QB,9,LAR,0,0,0.0,0,0.0,0,0,0.0,0,0,0.0,0,0.0,0.0,5000,2016
291,5054,Kellen Clemens,LAC,QB,9,TEN,0,0,0.0,0,0.0,0,0,0.0,0,0,0.0,0,0.0,0.0,5000,2016
291,5054,Kellen Clemens,LAC,QB,7,ATL,0,0,0.0,0,0.0,0,0,0.0,0,0,0.0,0,0.0,0.0,6100,2016
1,2593,Aaron Rodgers,GB,QB,16,MIN,28,38,73.7,347,9.1,4,0,136.62,2,13,6.5,1,40.2,40.18,6700,2016
2,14536,Russell Wilson,SEA,QB,16,ARI,29,45,64.4,350,7.8,4,0,117.82,10,36,3.6,0,37.6,37.6,7100,2016
3,2593,Aaron Rodgers,GB,QB,17,DET,27,39,69.2,300,7.7,4,0,126.01,10,42,4.2,0,37.2,37.2,7100,2016
4,13443,Colin Kaepernick,SF,QB,12,MIA,29,46,63.0,296,6.4,3,1,94.11,10,113,11.3,0,37.1,37.14,8500,2016
5,7242,Drew Brees,NO,QB,12,LAR,28,36,77.8,310,8.6,4,0,139.58,1,1,1.0,1,36.5,36.5,7800,2016
6,12831,Tyrod Taylor,BUF,QB,16,MIA,26,39,66.7,329,8.4,3,0,118.43,12,60,5.0,0,34.2,34.16,7500,2016
7,7242,Drew Brees,NO,QB,15,ARI,37,48,77.1,389,8.1,4,0,127.86,2,-2,-1.0,0,33.4,33.36,5000,2016
8,611,Joe Flacco,BAL,QB,13,MIA,36,47,76.6,381,8.1,4,1,119.19,0,0,0.0,0,33.2,33.24,6500,2016
9,14252,Kirk Cousins,WAS,QB,12,DAL,41,53,77.4,449,8.5,3,0,120.72,1,2,2.0,0,33.2,33.16,8100,2016
10,2593,Aaron Rodgers,GB,QB,10,TEN,31,51,60.8,371,7.3,2,2,79.78,3,27,9.0,1,32.5,32.54,7000,2016
11,732,Matt Ryan,ATL,QB,17,NO,27,36,75.0,331,9.2,4,0,139.93,2,2,1.0,0,32.4,32.44,6500,2016
12,2593,Aaron Rodgers,GB,QB,11,WAS,26,41,63.4,351,8.6,3,0,114.99,3,33,11.0,0,32.3,32.34,6300,2016
13,17009,Trevor Siemian,DEN,QB,12,KC,20,34,58.8,368,10.8,3,0,125.61,5,23,4.6,0,32.0,32.02,7200,2016
14,3807,Ben Roethlisberger,PIT,QB,10,DAL,37,46,80.4,408,8.9,3,0,125.36,1,1,1.0,0,31.4,31.42,6400,2016
15,14252,Kirk Cousins,WAS,QB,11,GB,21,30,70.0,375,12.5,3,0,145.83,4,4,1.0,0,30.4,30.4,5000,2016
16,4314,Tom Brady,NE,QB,14,BAL,25,38,65.8,406,10.7,3,1,116.78,1,-1,-1.0,0,30.1,30.14,6900,2016
17,14252,Kirk Cousins,WAS,QB,16,CHI,18,29,62.1,270,9.3,1,0,104.09,5,30,6.0,2,29.8,29.8,6800,2016
18,11527,Sam Bradford,MIN,QB,16,GB,34,50,68.0,382,7.6,3,0,110.58,2,5,2.5,0,29.8,29.78,5200,2016
19,14008,Andrew Luck,IND,QB,13,NYJ,22,28,78.6,278,9.9,4,0,147.62,3,26,8.7,0,29.7,29.72,7700,2016
20,16245,Blake Bortles,JAX,QB,16,TEN,26,38,68.4,325,8.6,1,0,103.51,3,7,2.3,0,29.7,29.7,5000,2016
21,14536,Russell Wilson,SEA,QB,10,NE,25,37,67.6,348,9.4,3,0,124.61,3,6,2.0,0,29.5,29.52,5900,2016
22,18055,Dak Prescott,DAL,QB,11,BAL,27,36,75.0,301,8.4,3,0,127.2,2,16,8.0,0,28.6,28.64,8300,2016
23,4314,Tom Brady,NE,QB,11,SF,24,40,60.0,280,7.0,4,0,114.58,4,12,3.0,0,28.4,28.4,6300,2016
24,16763,Marcus Mariota,TEN,QB,10,GB,19,26,73.1,295,11.3,4,0,149.84,5,0,0.0,0,27.8,27.8,7400,2016
25,13443,Colin Kaepernick,SF,QB,16,LAR,28,38,73.7,266,7.0,2,1,99.23,6,15,2.5,1,27.1,27.14,5600,2016
26,2428,Carson Palmer,ARI,QB,13,WAS,30,46,65.2,300,6.5,3,0,105.34,1,-1,-1.0,0,26.9,26.9,7900,2016
27,9038,Matthew Stafford,DET,QB,13,NO,30,42,71.4,341,8.1,2,0,111.31,3,22,7.3,0,26.8,26.84,5400,2016
28,13799,Ryan Tannehill,MIA,QB,12,SF,20,30,66.7,285,9.5,3,0,130.56,6,34,5.7,0,26.8,26.8,6200,2016
29,14008,Andrew Luck,IND,QB,16,OAK,19,29,65.5,288,9.9,2,2,92.31,4,12,3.0,1,26.7,26.72,7200,2016
30,2593,Aaron Rodgers,GB,QB,12,PHI,30,39,76.9,313,8.0,2,0,116.72,6,26,4.3,0,26.1,26.12,7300,2016
31,7242,Drew Brees,NO,QB,10,DEN,21,29,72.4,303,10.4,3,2,111.71,2,9,4.5,0,26.0,26.02,6600,2016
32,6739,Alex Smith,KC,QB,17,LAC,21,28,75.0,264,9.4,2,1,112.8,6,21,3.5,1,25.7,25.66,6400,2016
33,4314,Tom Brady,NE,QB,17,MIA,25,33,75.8,276,8.4,3,0,130.37,1,6,6.0,0,25.6,25.64,5200,2016
33,14855,Matt Barkley,CHI,QB,12,TEN,28,54,51.9,316,5.9,3,2,72.76,2,0,0.0,0,25.6,25.64,5000,2016
35,14536,Russell Wilson,SEA,QB,11,PHI,18,31,58.1,272,8.8,1,0,97.78,8,19,2.4,0,25.3,25.28,5000,2016
36,12841,Andy Dalton,CIN,QB,13,PHI,23,31,74.2,332,10.7,2,0,130.04,2,9,4.5,0,25.2,25.18,5000,2016
37,13320,Cam Newton,CAR,QB,10,KC,23,38,60.5,261,6.9,1,1,78.95,12,54,4.5,1,24.8,24.84,6500,2016
38,5834,Matt Moore,MIA,QB,15,NYJ,12,18,66.7,236,13.1,4,1,126.16,0,0,0.0,0,24.4,24.44,6800,2016
39,611,Joe Flacco,BAL,QB,10,CLE,30,41,73.2,296,7.2,3,2,97.21,1,3,3.0,0,24.1,24.14,6900,2016
40,8244,Philip Rivers,LAC,QB,10,MIA,23,44,52.3,326,7.4,3,4,61.36,0,0,0.0,0,24.0,24.04,7800,2016
41,7242,Drew Brees,NO,QB,17,ATL,29,50,58.0,350,7.0,2,1,84.58,0,0,0.0,0,24.0,24.0,7500,2016
42,18055,Dak Prescott,DAL,QB,16,DET,15,20,75.0,212,10.6,3,0,148.33,4,35,8.8,0,24.0,23.98,7600,2016
43,13443,Colin Kaepernick,SF,QB,10,ARI,17,30,56.7,210,7.0,1,0,89.58,10,55,5.5,1,23.9,23.9,5000,2016
44,9038,Matthew Stafford,DET,QB,17,GB,26,41,63.4,347,8.5,2,1,96.29,0,0,0.0,0,23.9,23.88,6300,2016
45,2428,Carson Palmer,ARI,QB,15,NO,28,40,70.0,318,8.0,2,0,110.21,0,0,0.0,0,23.7,23.72,8200,2016
46,14008,Andrew Luck,IND,QB,17,JAX,24,40,60.0,321,8.0,2,1,91.77,3,17,5.7,0,23.5,23.54,6400,2016
47,11527,Sam Bradford,MIN,QB,17,CHI,25,33,75.8,250,7.6,3,1,114.46,1,24,24.0,0,23.4,23.4,6100,2016
48,6739,Alex Smith,KC,QB,16,DEN,25,36,69.4,244,6.8,1,1,85.88,4,46,11.5,1,23.4,23.36,5000,2016
49,611,Joe Flacco,BAL,QB,14,NE,37,52,71.2,324,6.2,2,1,92.15,1,1,1.0,0,23.1,23.06,5700,2016
50,13320,Cam Newton,CAR,QB,15,WAS,21,37,56.8,300,8.1,2,0,101.18,3,0,0.0,0,23.0,23.0,7300,2016
51,8244,Philip Rivers,LAC,QB,16,CLE,23,46,50.0,322,7.0,2,1,78.35,1,0,0.0,0,22.9,22.88,5600,2016
52,18055,Dak Prescott,DAL,QB,10,PIT,22,32,68.8,319,10.0,2,0,121.74,0,0,0.0,0,22.8,22.76,6300,2016
53,16311,Derek Carr,OAK,QB,11,HOU,21,31,67.7,295,9.5,3,1,117.0,2,-2,-1.0,0,22.6,22.6,6400,2016
54,16763,Marcus Mariota,TEN,QB,11,IND,25,38,65.8,290,7.6,2,0,106.25,5,29,5.8,0,22.5,22.5,5000,2016
55,16762,Jameis Winston,TB,QB,10,CHI,23,33,69.7,312,9.5,2,1,107.13,0,0,0.0,0,22.5,22.48,7900,2016
56,13320,Cam Newton,CAR,QB,12,OAK,14,29,48.3,246,8.5,2,1,86.28,3,6,2.0,1,22.4,22.44,5000,2016
57,16311,Derek Carr,OAK,QB,12,CAR,26,38,68.4,315,8.3,2,1,100.22,4,-13,-3.2,0,22.3,22.3,5600,2016
58,11527,Sam Bradford,MIN,QB,10,WAS,31,40,77.5,307,7.7,2,1,104.9,0,0,0.0,0,22.3,22.28,7700,2016
59,14971,Landry Jones,PIT,QB,17,CLE,24,37,64.9,277,7.5,3,1,103.1,0,0,0.0,0,22.1,22.08,6100,2016
60,16311,Derek Carr,OAK,QB,16,IND,20,30,66.7,228,7.6,3,0,122.64,1,8,8.0,0,21.9,21.92,7000,2016
61,18055,Dak Prescott,DAL,QB,12,WAS,17,24,70.8,195,8.1,1,0,108.85,8,39,4.9,1,21.7,21.7,7400,2016
62,16763,Marcus Mariota,TEN,QB,12,CHI,15,23,65.2,226,9.8,2,0,126.36,4,46,11.5,0,21.6,21.64,5100,2016
63,732,Matt Ryan,ATL,QB,14,LAR,18,28,64.3,237,8.5,3,0,126.64,0,0,0.0,0,21.5,21.48,5900,2016
63,14855,Matt Barkley,CHI,QB,15,GB,30,43,69.8,362,8.4,2,3,81.73,0,0,0.0,0,21.5,21.48,6700,2016
65,16762,Jameis Winston,TB,QB,11,KC,24,39,61.5,331,8.5,1,0,97.28,5,22,4.4,0,21.4,21.44,7200,2016
66,14536,Russell Wilson,SEA,QB,15,LAR,19,26,73.1,229,8.8,3,1,122.12,6,12,2.0,0,21.4,21.36,6200,2016
67,2593,Aaron Rodgers,GB,QB,14,SEA,18,23,78.3,246,10.7,3,0,150.82,3,-6,-2.0,0,21.2,21.24,6000,2016
68,2428,Carson Palmer,ARI,QB,17,LAR,20,38,52.6,255,6.7,3,1,89.25,0,0,0.0,0,21.2,21.2,5200,2016
69,16245,Blake Bortles,JAX,QB,12,BUF,13,26,50.0,126,4.8,2,0,89.58,8,81,10.1,0,21.1,21.14,5500,2016
70,3807,Ben Roethlisberger,PIT,QB,16,BAL,24,33,72.7,279,8.5,3,2,102.97,1,-1,-1.0,0,21.1,21.06,5000,2016
71,3807,Ben Roethlisberger,PIT,QB,12,IND,14,20,70.0,221,11.0,3,0,146.04,0,0,0.0,0,20.8,20.84,5000,2016
72,16311,Derek Carr,OAK,QB,13,BUF,19,35,54.3,260,7.4,2,0,97.32,2,4,2.0,0,20.8,20.8,5000,2016
73,8244,Philip Rivers,LAC,QB,12,HOU,22,30,73.3,242,8.1,3,1,116.25,0,0,0.0,0,20.7,20.68,5800,2016
74,2428,Carson Palmer,ARI,QB,10,SF,30,49,61.2,376,7.7,1,2,74.87,1,16,16.0,0,20.6,20.64,6100,2016
75,4314,Tom Brady,NE,QB,16,NYJ,17,27,63.0,214,7.9,3,0,124.61,0,0,0.0,0,20.6,20.56,7400,2016
76,12831,Tyrod Taylor,BUF,QB,12,JAX,12,18,66.7,166,9.2,1,0,114.58,7,38,5.4,1,20.4,20.44,7200,2016
76,6739,Alex Smith,KC,QB,11,TB,24,31,77.4,261,8.4,1,1,98.99,2,10,5.0,1,20.4,20.44,7700,2016
78,17009,Trevor Siemian,DEN,QB,14,TEN,35,51,68.6,334,6.5,1,0,93.1,0,0,0.0,0,20.4,20.36,7300,2016
79,14053,Brock Osweiler,HOU,QB,17,TEN,21,40,52.5,253,6.3,1,0,80.52,1,1,1.0,1,20.2,20.22,7000,2016
80,4932,Eli Manning,NYG,QB,10,CIN,28,44,63.6,240,5.5,3,2,81.63,3,4,1.3,0,20.0,20.0,5800,2016
81,732,Matt Ryan,ATL,QB,16,CAR,27,33,81.8,277,8.4,2,0,121.84,2,9,4.5,0,20.0,19.98,7900,2016
82,13799,Ryan Tannehill,MIA,QB,14,ARI,15,20,75.0,195,9.8,3,1,123.96,5,20,4.0,0,19.8,19.8,6700,2016
83,16245,Blake Bortles,JAX,QB,10,HOU,32,49,65.3,265,5.4,2,1,84.14,3,11,3.7,0,19.7,19.7,5900,2016
84,14008,Andrew Luck,IND,QB,11,TEN,15,28,53.6,262,9.4,2,1,94.64,8,22,2.8,0,19.7,19.68,5000,2016
85,17920,Carson Wentz,PHI,QB,13,CIN,36,60,60.0,308,5.1,1,3,58.19,3,16,5.3,0,19.6,19.62,6800,2016
86,4932,Eli Manning,NYG,QB,12,CLE,15,27,55.6,194,7.2,3,0,115.35,2,-2,-1.0,0,19.6,19.56,5300,2016
87,13443,Colin Kaepernick,SF,QB,11,NE,16,30,53.3,206,6.9,2,0,97.36,4,32,8.0,0,19.4,19.44,5800,2016
88,732,Matt Ryan,ATL,QB,15,SF,17,23,73.9,286,12.4,2,0,144.47,1,-1,-1.0,0,19.3,19.34,5700,2016
89,732,Matt Ryan,ATL,QB,12,ARI,26,34,76.5,269,7.9,2,1,106.13,4,15,3.8,0,19.3,19.26,5000,2016
90,14008,Andrew Luck,IND,QB,14,HOU,24,45,53.3,276,6.1,2,2,68.38,2,32,16.0,0,19.2,19.24,7800,2016
91,13799,Ryan Tannehill,MIA,QB,10,LAC,17,24,70.8,240,10.0,2,0,130.56,3,16,5.3,0,19.2,19.2,6200,2016
92,18055,Dak Prescott,DAL,QB,15,TB,32,36,88.9,279,7.8,0,0,98.96,4,20,5.0,1,19.2,19.16,7600,2016
93,16245,Blake Bortles,JAX,QB,17,IND,25,39,64.1,301,7.7,1,0,96.21,3,21,7.0,0,19.1,19.14,6000,2016
94,17920,Carson Wentz,PHI,QB,17,DAL,27,43,62.8,245,5.7,2,0,93.65,1,13,13.0,0,19.1,19.1,6400,2016
95,4314,Tom Brady,NE,QB,12,NYJ,30,50,60.0,286,5.7,2,0,89.25,3,-4,-1.3,0,19.0,19.04,7100,2016
96,14855,Matt Barkley,CHI,QB,16,WAS,24,40,60.0,323,8.1,2,5,62.81,0,0,0.0,0,18.9,18.92,5000,2016
97,14252,Kirk Cousins,WAS,QB,13,ARI,21,37,56.8,271,7.3,1,1,77.65,2,0,0.0,1,18.8,18.84,5000,2016
98,14008,Andrew Luck,IND,QB,15,MIN,21,28,75.0,250,8.9,2,0,125.6,1,8,8.0,0,18.8,18.8,6500,2016
99,14257,Robert Griffin III,CLE,QB,15,BUF,17,28,60.7,196,7.0,0,0,81.85,8,48,6.0,1,18.6,18.64,6900,2016
100,2428,Carson Palmer,ARI,QB,12,ATL,25,45,55.6,289,6.4,2,1,80.69,1,0,0.0,0,18.6,18.56,6000,2016
100,3807,Ben Roethlisberger,PIT,QB,13,NYG,24,36,66.7,289,8.0,2,1,98.03,0,0,0.0,0,18.6,18.56,5900,2016
100,17922,Jared Goff,LAR,QB,12,NO,20,32,62.5,214,6.7,3,1,100.26,0,0,0.0,0,18.6,18.56,5100,2016
103,16762,Jameis Winston,TB,QB,16,NO,23,35,65.7,277,7.9,2,2,85.06,3,14,4.7,0,18.5,18.48,5500,2016
103,14257,Robert Griffin III,CLE,QB,17,PIT,29,40,72.5,232,5.8,2,1,92.92,5,32,6.4,0,18.5,18.48,5000,2016
105,17920,Carson Wentz,PHI,QB,12,GB,24,36,66.7,254,7.1,0,1,75.46,4,33,8.2,1,18.5,18.46,5000,2016
106,9038,Matthew Stafford,DET,QB,14,CHI,21,35,60.0,223,6.4,1,2,64.35,4,15,3.8,1,18.4,18.42,5000,2016
107,14252,Kirk Cousins,WAS,QB,10,MIN,22,33,66.7,262,7.9,2,0,110.92,1,-1,-1.0,0,18.4,18.38,5000,2016
108,4932,Eli Manning,NYG,QB,16,PHI,38,63,60.3,356,5.7,1,3,61.34,0,0,0.0,0,18.2,18.24,5700,2016
109,14053,Brock Osweiler,HOU,QB,13,GB,22,35,62.9,202,5.8,2,0,97.56,3,20,6.7,0,18.1,18.08,5900,2016
110,17920,Carson Wentz,PHI,QB,14,WAS,32,46,69.6,314,6.8,1,1,86.68,2,5,2.5,0,18.1,18.06,7000,2016
111,5282,Josh McCown,CLE,QB,12,NYG,25,43,58.1,322,7.5,1,0,89.49,0,0,0.0,0,17.9,17.88,6300,2016
112,8283,Ryan Fitzpatrick,NYJ,QB,12,NE,22,32,68.8,269,8.4,2,0,115.23,2,1,0.5,0,17.9,17.86,7100,2016
113,13443,Colin Kaepernick,SF,QB,15,ATL,20,33,60.6,183,5.5,2,0,95.9,3,21,7.0,0,17.4,17.42,6100,2016
114,7242,Drew Brees,NO,QB,11,CAR,35,44,79.5,285,6.5,2,1,99.34,2,0,0.0,0,17.4,17.4,5600,2016
115,11527,Sam Bradford,MIN,QB,14,JAX,24,34,70.6,292,8.6,1,0,106.5,4,17,4.2,0,17.4,17.38,7600,2016
116,12841,Andy Dalton,CIN,QB,11,BUF,24,43,55.8,207,4.8,1,2,57.03,4,10,2.5,1,17.3,17.28,6900,2016
117,4932,Eli Manning,NYG,QB,11,CHI,21,36,58.3,227,6.3,2,0,95.49,4,1,0.2,0,17.2,17.18,5300,2016
117,732,Matt Ryan,ATL,QB,13,KC,22,34,64.7,297,8.7,1,1,89.95,3,23,7.7,0,17.2,17.18,5000,2016
119,16762,Jameis Winston,TB,QB,12,SEA,21,28,75.0,220,7.9,2,1,106.25,5,12,2.4,0,17.0,17.0,7300,2016
120,14536,Russell Wilson,SEA,QB,13,CAR,26,36,72.2,277,7.7,1,1,92.01,3,29,9.7,0,17.0,16.98,5100,2016
121,2593,Aaron Rodgers,GB,QB,13,HOU,20,30,66.7,209,7.0,2,0,108.89,3,16,5.3,0,17.0,16.96,5400,2016
121,14252,Kirk Cousins,WAS,QB,14,PHI,14,21,66.7,234,11.1,2,1,115.97,4,6,1.5,0,17.0,16.96,6100,2016
123,17920,Carson Wentz,PHI,QB,11,SEA,23,45,51.1,218,4.8,2,2,61.16,1,2,2.0,0,16.9,16.92,5000,2016
124,12841,Andy Dalton,CIN,QB,14,CLE,20,28,71.4,180,6.4,2,0,112.2,2,17,8.5,0,16.9,16.9,7800,2016
125,8244,Philip Rivers,LAC,QB,17,KC,22,38,57.9,269,7.1,2,2,75.44,1,1,1.0,0,16.9,16.86,5000,2016
126,17009,Trevor Siemian,DEN,QB,10,NO,25,40,62.5,258,6.4,2,2,76.88,6,5,0.8,0,16.8,16.82,5800,2016
127,8244,Philip Rivers,LAC,QB,13,TB,15,26,57.7,225,8.7,2,2,79.81,3,18,6.0,0,16.8,16.8,7400,2016
128,8283,Ryan Fitzpatrick,NYJ,QB,17,BUF,20,30,66.7,210,7.0,2,0,109.03,2,0,0.0,0,16.4,16.4,5800,2016
129,12831,Tyrod Taylor,BUF,QB,14,PIT,15,25,60.0,228,9.1,2,1,100.08,3,2,0.7,0,16.3,16.32,6500,2016
130,16762,Jameis Winston,TB,QB,13,LAC,20,30,66.7,280,9.3,1,1,93.75,4,1,0.2,0,16.3,16.3,6600,2016
131,9038,Matthew Stafford,DET,QB,12,MIN,23,40,57.5,232,5.8,1,0,82.5,4,30,7.5,0,16.3,16.28,5000,2016
132,5834,Matt Moore,MIA,QB,16,BUF,16,30,53.3,233,7.8,2,1,87.22,1,-1,-1.0,0,16.2,16.22,6400,2016
133,7242,Drew Brees,NO,QB,16,TB,23,34,67.6,299,8.8,1,0,104.9,4,1,0.2,0,16.1,16.06,6700,2016
134,4932,Eli Manning,NYG,QB,15,DET,20,28,71.4,201,7.2,2,0,115.33,0,0,0.0,0,16.0,16.04,5400,2016
135,12831,Tyrod Taylor,BUF,QB,15,CLE,17,24,70.8,174,7.2,1,0,105.21,7,49,7.0,0,15.9,15.86,5500,2016
136,13799,Ryan Tannehill,MIA,QB,11,LAR,24,34,70.6,172,5.1,2,1,89.34,2,19,9.5,0,15.8,15.78,5400,2016
137,16245,Blake Bortles,JAX,QB,14,MIN,23,37,62.2,257,6.9,1,0,91.84,3,13,4.3,0,15.6,15.58,5000,2016
138,611,Joe Flacco,BAL,QB,16,PIT,30,44,68.2,262,6.0,1,1,81.82,0,0,0.0,0,15.5,15.48,5000,2016
139,611,Joe Flacco,BAL,QB,11,DAL,23,35,65.7,269,7.7,1,0,98.39,1,6,6.0,0,15.4,15.36,5000,2016
140,4314,Tom Brady,NE,QB,10,SEA,23,32,71.9,316,9.9,0,1,90.1,5,7,1.4,0,15.3,15.34,5000,2016
141,2428,Carson Palmer,ARI,QB,16,SEA,16,26,61.5,284,10.9,1,0,111.7,1,-1,-1.0,0,15.3,15.26,5100,2016
142,8244,Philip Rivers,LAC,QB,15,OAK,17,30,56.7,206,6.9,2,1,86.25,0,0,0.0,0,15.2,15.24,5700,2016
143,5834,Matt Moore,MIA,QB,17,NE,24,34,70.6,205,6.0,2,1,93.38,0,0,0.0,0,15.2,15.2,6200,2016
144,14053,Brock Osweiler,HOU,QB,12,LAC,22,37,59.5,246,6.6,0,3,45.55,3,23,7.7,1,15.1,15.14,7100,2016
145,2428,Carson Palmer,ARI,QB,11,MIN,20,38,52.6,198,5.2,2,2,63.27,1,11,11.0,0,15.0,15.02,7700,2016
145,14053,Brock Osweiler,HOU,QB,11,OAK,26,39,66.7,243,6.2,1,1,81.46,2,19,9.5,0,15.0,15.02,7200,2016
147,6739,Alex Smith,KC,QB,12,DEN,26,44,59.1,220,5.0,1,0,79.73,2,2,1.0,0,15.0,15.0,7500,2016
148,3807,Ben Roethlisberger,PIT,QB,15,CIN,21,36,58.3,286,7.9,1,0,93.06,4,-5,-1.2,0,14.9,14.94,5000,2016
149,11527,Sam Bradford,MIN,QB,13,DAL,32,45,71.1,247,5.5,1,0,91.62,2,10,5.0,0,14.9,14.88,6000,2016
150,4314,Tom Brady,NE,QB,13,LAR,33,46,71.7,269,5.8,1,0,93.48,3,1,0.3,0,14.9,14.86,6900,2016
151,17009,Trevor Siemian,DEN,QB,17,OAK,17,27,63.0,206,7.6,2,1,95.6,2,-5,-2.5,0,14.7,14.74,5100,2016
152,14536,Russell Wilson,SEA,QB,17,SF,19,32,59.4,258,8.1,1,0,95.57,2,4,2.0,0,14.7,14.72,5500,2016
152,12841,Andy Dalton,CIN,QB,12,BAL,26,48,54.2,283,5.9,1,0,78.73,3,14,4.7,0,14.7,14.72,5000,2016
154,14252,Kirk Cousins,WAS,QB,15,CAR,32,47,68.1,315,6.7,0,1,77.88,2,11,5.5,0,14.7,14.7,6600,2016
155,12831,Tyrod Taylor,BUF,QB,13,OAK,18,35,51.4,191,5.5,0,1,55.77,3,30,10.0,1,14.6,14.64,5100,2016
156,9038,Matthew Stafford,DET,QB,16,DAL,26,46,56.5,260,5.7,0,1,63.68,1,1,1.0,1,14.5,14.5,5500,2016
157,16762,Jameis Winston,TB,QB,15,DAL,17,35,48.6,247,7.1,2,3,55.3,1,6,6.0,0,14.5,14.48,5000,2016
158,16245,Blake Bortles,JAX,QB,11,DET,22,35,62.9,202,5.8,2,2,73.75,1,3,3.0,0,14.4,14.38,5200,2016
159,14053,Brock Osweiler,HOU,QB,10,JAX,14,27,51.9,99,3.7,2,0,85.26,3,23,7.7,0,14.3,14.26,5900,2016
159,611,Joe Flacco,BAL,QB,12,CIN,25,36,69.4,234,6.5,1,1,84.72,2,19,9.5,0,14.3,14.26,5000,2016
161,6739,Alex Smith,KC,QB,14,OAK,17,26,65.4,264,10.2,1,1,95.67,4,3,0.8,0,14.2,14.16,5700,2016
162,611,Joe Flacco,BAL,QB,15,PHI,16,30,53.3,206,6.9,2,1,83.47,1,-1,-1.0,0,14.1,14.14,7300,2016
163,12841,Andy Dalton,CIN,QB,16,HOU,28,41,68.3,268,6.5,1,1,84.2,0,0,0.0,0,13.7,13.72,5300,2016
164,4932,Eli Manning,NYG,QB,13,PIT,24,39,61.5,195,5.0,2,2,69.93,1,-1,-1.0,0,13.7,13.7,6100,2016
165,732,Matt Ryan,ATL,QB,10,PHI,18,33,54.5,267,8.1,1,1,78.72,0,0,0.0,0,13.7,13.68,5000,2016
166,13320,Cam Newton,CAR,QB,16,ATL,18,43,41.9,198,4.6,1,2,44.53,8,36,4.5,0,13.5,13.52,6800,2016
167,6739,Alex Smith,KC,QB,13,ATL,21,25,84.0,270,10.8,1,0,125.0,3,-3,-1.0,0,13.5,13.5,5800,2016
168,14252,Kirk Cousins,WAS,QB,17,NYG,22,35,62.9,287,8.2,1,2,74.35,0,0,0.0,0,13.5,13.48,5400,2016
169,12841,Andy Dalton,CIN,QB,17,BAL,18,28,64.3,226,8.1,1,0,101.19,4,4,1.0,0,13.4,13.44,6400,2016
170,8972,Jay Cutler,CHI,QB,11,NYG,17,30,56.7,252,8.4,1,1,81.53,1,3,3.0,0,13.4,13.38,5000,2016
171,2428,Carson Palmer,ARI,QB,14,MIA,18,33,54.5,145,4.4,2,2,60.8,3,5,1.7,0,13.3,13.3,5200,2016
172,13443,Colin Kaepernick,SF,QB,17,SEA,17,22,77.3,215,9.8,1,0,122.35,5,16,3.2,0,13.2,13.2,5000,2016
173,16864,Bryce Petty,NYJ,QB,14,SF,23,35,65.7,257,7.3,0,1,75.54,4,19,4.8,0,13.2,13.18,5600,2016
174,16245,Blake Bortles,JAX,QB,13,DEN,19,42,45.2,181,4.3,0,2,37.9,2,29,14.5,1,13.1,13.14,5800,2016
175,7242,Drew Brees,NO,QB,13,DET,31,44,70.5,326,7.4,0,3,63.26,0,0,0.0,0,13.0,13.04,6700,2016
176,12841,Andy Dalton,CIN,QB,10,NYG,16,29,55.2,204,7.0,1,1,74.5,1,15,15.0,0,12.7,12.66,6000,2016
177,6739,Alex Smith,KC,QB,15,TEN,15,28,53.6,163,5.8,0,1,56.1,4,11,2.8,1,12.6,12.62,7300,2016
178,17920,Carson Wentz,PHI,QB,15,BAL,22,42,52.4,170,4.0,0,1,52.68,4,8,2.0,1,12.6,12.6,7500,2016
178,17922,Jared Goff,LAR,QB,14,ATL,24,41,58.5,235,5.7,0,2,54.42,1,2,2.0,1,12.6,12.6,7700,2016
180,13320,Cam Newton,CAR,QB,14,LAC,10,27,37.0,160,5.9,1,1,54.55,8,31,3.9,0,12.5,12.5,5900,2016
181,13320,Cam Newton,CAR,QB,13,SEA,14,32,43.8,182,5.7,1,0,72.66,3,12,4.0,0,12.5,12.48,5700,2016
181,14855,Matt Barkley,CHI,QB,14,DET,20,32,62.5,212,6.6,1,0,92.19,0,0,0.0,0,12.5,12.48,7900,2016
183,8244,Philip Rivers,LAC,QB,14,CAR,21,39,53.8,236,6.1,2,3,57.21,0,0,0.0,0,12.4,12.44,5900,2016
184,13320,Cam Newton,CAR,QB,11,NO,14,33,42.4,192,5.8,1,0,71.78,5,7,1.4,0,12.4,12.38,5200,2016
185,18055,Dak Prescott,DAL,QB,13,MIN,12,18,66.7,139,7.7,1,0,108.33,6,37,6.2,0,12.3,12.26,5800,2016
185,14257,Robert Griffin III,CLE,QB,14,CIN,12,28,42.9,104,3.7,0,1,38.39,7,31,4.4,1,12.3,12.26,5000,2016
187,14536,Russell Wilson,SEA,QB,12,TB,17,33,51.5,151,4.6,0,2,38.83,8,80,10.0,0,12.0,12.04,6200,2016
188,16311,Derek Carr,OAK,QB,15,LAC,19,30,63.3,213,7.1,1,1,81.67,5,5,1.0,0,12.0,12.02,5300,2016
189,2593,Aaron Rodgers,GB,QB,15,CHI,19,31,61.3,252,8.1,0,0,87.03,3,19,6.3,0,12.0,11.98,5500,2016
190,16762,Jameis Winston,TB,QB,17,CAR,20,35,57.1,202,5.8,1,1,71.37,3,18,6.0,0,11.9,11.88,8100,2016
191,17920,Carson Wentz,PHI,QB,16,NYG,13,24,54.2,152,6.3,1,1,70.14,4,27,6.8,0,11.8,11.78,5000,2016
192,13443,Colin Kaepernick,SF,QB,14,NYJ,15,26,57.7,133,5.1,1,0,84.29,3,23,7.7,0,11.6,11.62,5000,2016
193,12841,Andy Dalton,CIN,QB,15,PIT,16,27,59.3,157,5.8,0,1,60.26,1,1,1.0,1,11.4,11.38,5400,2016
194,9038,Matthew Stafford,DET,QB,15,NYG,24,39,61.5,273,7.0,0,1,71.85,2,13,6.5,0,11.2,11.22,7100,2016
195,9038,Matthew Stafford,DET,QB,11,JAX,24,33,72.7,278,8.4,0,0,97.79,2,0,0.0,0,11.1,11.12,5400,2016
196,13320,Cam Newton,CAR,QB,17,TB,18,32,56.2,237,7.4,1,3,51.17,3,6,2.0,0,11.1,11.08,5600,2016
197,13103,Scott Tolzien,IND,QB,12,PIT,22,36,61.1,205,5.7,1,2,62.85,3,6,2.0,0,10.8,10.8,6900,2016
198,14257,Robert Griffin III,CLE,QB,16,LAC,17,25,68.0,164,6.6,0,0,86.08,6,42,7.0,0,10.8,10.76,5000,2016
199,17009,Trevor Siemian,DEN,QB,15,NE,25,40,62.5,282,7.0,0,1,73.12,1,4,4.0,0,10.7,10.68,6300,2016
200,14536,Russell Wilson,SEA,QB,14,GB,22,39,56.4,240,6.2,1,5,43.7,4,19,4.8,0,10.5,10.5,6500,2016
201,16211,Tom Savage,HOU,QB,15,JAX,23,36,63.9,260,7.2,0,0,85.42,3,0,0.0,0,10.4,10.4,6100,2016
201,16864,Bryce Petty,NYJ,QB,15,MIA,20,36,55.6,235,6.5,1,2,61.69,1,0,0.0,0,10.4,10.4,5200,2016
203,13799,Ryan Tannehill,MIA,QB,13,BAL,29,40,72.5,226,5.6,1,3,63.12,1,0,0.0,0,10.0,10.04,6000,2016
204,611,Joe Flacco,BAL,QB,17,CIN,32,49,65.3,267,5.4,0,1,70.71,0,0,0.0,0,9.7,9.68,5000,2016
205,11527,Sam Bradford,MIN,QB,11,ARI,20,28,71.4,169,6.0,1,0,98.66,1,-1,-1.0,0,9.7,9.66,5000,2016
206,11527,Sam Bradford,MIN,QB,15,IND,32,42,76.2,291,6.9,0,1,84.52,0,0,0.0,0,9.6,9.64,5900,2016
207,12831,Tyrod Taylor,BUF,QB,11,CIN,19,27,70.4,166,6.1,0,1,70.91,9,39,4.3,0,9.5,9.54,5800,2016
208,16864,Bryce Petty,NYJ,QB,10,LAR,19,32,59.4,163,5.1,1,1,70.18,0,0,0.0,0,9.5,9.52,7200,2016
209,6739,Alex Smith,KC,QB,10,CAR,25,38,65.8,178,4.7,0,1,65.46,4,13,3.2,0,9.4,9.42,5700,2016
210,17920,Carson Wentz,PHI,QB,10,ATL,25,36,69.4,231,6.4,0,0,86.69,4,10,2.5,0,9.2,9.24,7100,2016
211,8723,Matt Cassel,TEN,QB,17,HOU,16,26,61.5,150,5.8,1,1,74.2,2,2,1.0,0,9.2,9.2,7900,2016
211,14855,Matt Barkley,CHI,QB,17,MIN,10,14,71.4,125,8.9,0,2,59.23,0,0,0.0,0,9.2,9.2,6100,2016
213,8972,Jay Cutler,CHI,QB,10,TB,16,30,53.3,182,6.1,1,2,55.14,1,7,7.0,0,9.0,8.98,6100,2016
214,16762,Jameis Winston,TB,QB,14,NO,16,26,61.5,184,7.1,0,0,82.85,5,16,3.2,0,9.0,8.96,7400,2016
215,5282,Josh McCown,CLE,QB,11,PIT,14,27,51.9,118,4.4,1,0,75.85,2,11,5.5,0,8.8,8.82,6500,2016
216,18055,Dak Prescott,DAL,QB,14,NYG,17,37,45.9,165,4.5,1,2,45.44,1,1,1.0,0,8.7,8.7,5100,2016
217,3807,Ben Roethlisberger,PIT,QB,11,CLE,23,36,63.9,167,4.6,0,0,74.65,0,0,0.0,0,8.7,8.68,5900,2016
218,4932,Eli Manning,NYG,QB,14,DAL,17,28,60.7,193,6.9,1,1,78.42,2,-2,-1.0,0,8.5,8.52,6400,2016
219,17922,Jared Goff,LAR,QB,13,NE,14,32,43.8,161,5.0,1,2,43.88,1,-1,-1.0,0,8.3,8.34,5100,2016
220,16763,Marcus Mariota,TEN,QB,16,JAX,8,20,40.0,99,5.0,1,0,72.71,2,3,1.5,0,8.3,8.26,5000,2016
221,16245,Blake Bortles,JAX,QB,15,HOU,12,28,42.9,92,3.3,0,1,36.61,2,-5,-2.5,1,8.2,8.18,5500,2016
222,16211,Tom Savage,HOU,QB,16,CIN,18,29,62.1,176,6.1,0,0,79.09,1,11,11.0,0,8.1,8.14,6000,2016
223,17932,Connor Cook,OAK,QB,17,DEN,14,21,66.7,150,7.1,1,1,83.43,0,0,0.0,0,8.0,8.0,5000,2016
224,14855,Matt Barkley,CHI,QB,13,SF,11,18,61.1,192,10.7,0,0,97.45,4,3,0.8,0,8.0,7.98,5300,2016
225,11527,Sam Bradford,MIN,QB,12,DET,31,37,83.8,224,6.1,0,1,80.63,0,0,0.0,0,8.0,7.96,5000,2016
225,8723,Matt Cassel,TEN,QB,16,JAX,13,24,54.2,124,5.2,1,1,65.28,0,0,0.0,0,8.0,7.96,5100,2016
227,17966,Cody Kessler,CLE,QB,10,BAL,11,18,61.1,91,5.1,1,0,92.59,1,3,3.0,0,7.9,7.94,7000,2016
228,15694,Case Keenum,LAR,QB,10,NYJ,17,30,56.7,165,5.5,0,0,72.22,5,11,2.2,0,7.7,7.7,5100,2016
229,7242,Drew Brees,NO,QB,14,TB,25,41,61.0,257,6.3,0,3,48.53,1,2,2.0,0,7.5,7.48,5900,2016
230,16763,Marcus Mariota,TEN,QB,15,KC,19,33,57.6,241,7.3,0,1,67.87,1,-2,-2.0,0,7.4,7.44,6700,2016
231,4314,Tom Brady,NE,QB,15,DEN,16,32,50.0,188,5.9,0,0,68.23,1,-1,-1.0,0,7.4,7.42,5000,2016
232,16864,Bryce Petty,NYJ,QB,13,IND,11,25,44.0,135,5.4,1,2,41.25,0,0,0.0,0,7.4,7.4,5000,2016
233,16763,Marcus Mariota,TEN,QB,14,DEN,6,20,30.0,88,4.4,0,0,45.42,8,38,4.8,0,7.3,7.32,5200,2016
234,4932,Eli Manning,NYG,QB,17,WAS,17,27,63.0,180,6.7,0,0,82.33,0,0,0.0,0,7.2,7.2,5000,2016
235,17922,Jared Goff,LAR,QB,11,MIA,17,31,54.8,134,4.3,0,0,65.79,4,11,2.8,0,6.5,6.46,5000,2016
236,17009,Trevor Siemian,DEN,QB,16,KC,17,43,39.5,183,4.3,0,1,43.07,0,0,0.0,0,6.3,6.32,6200,2016
237,17922,Jared Goff,LAR,QB,16,SF,11,24,45.8,90,3.8,1,2,35.07,2,4,2.0,0,6.0,6.0,6300,2016
238,3807,Ben Roethlisberger,PIT,QB,14,BUF,17,31,54.8,220,7.1,0,3,37.77,3,-2,-0.7,0,5.6,5.6,5900,2016
239,17922,Jared Goff,LAR,QB,15,SEA,13,25,52.0,135,5.4,0,0,67.92,0,0,0.0,0,5.4,5.4,6000,2016
240,17929,Paxton Lynch,DEN,QB,13,JAX,12,24,50.0,104,4.3,0,0,61.81,2,11,5.5,0,5.3,5.26,5200,2016
241,3867,Tony Romo,DAL,QB,17,PHI,3,4,75.0,29,7.2,1,0,134.38,0,0,0.0,0,5.2,5.16,5200,2016
242,16311,Derek Carr,OAK,QB,14,KC,17,41,41.5,117,2.9,0,0,49.14,2,3,1.5,0,5.0,4.98,5000,2016
243,17922,Jared Goff,LAR,QB,17,ARI,13,20,65.0,120,6.0,0,0,81.25,0,0,0.0,0,4.8,4.8,5000,2016
244,14053,Brock Osweiler,HOU,QB,14,IND,14,24,58.3,147,6.1,0,1,58.85,2,-2,-1.0,0,4.7,4.68,7000,2016
245,17966,Cody Kessler,CLE,QB,11,PIT,7,14,50.0,128,9.1,0,1,52.08,1,2,2.0,0,4.3,4.32,6000,2016
246,8283,Ryan Fitzpatrick,NYJ,QB,16,NE,8,21,38.1,136,6.5,0,2,21.23,1,3,3.0,0,3.7,3.74,7500,2016
247,14868,EJ Manuel,BUF,QB,17,NYJ,9,20,45.0,86,4.3,0,0,57.5,2,8,4.0,0,3.2,3.24,7600,2016
248,17971,Cardale Jones,BUF,QB,17,NYJ,6,11,54.5,96,8.7,0,1,46.02,1,-1,-1.0,0,2.7,2.74,5200,2016
249,8283,Ryan Fitzpatrick,NYJ,QB,13,IND,5,12,41.7,81,6.8,0,1,30.21,2,3,1.5,0,2.5,2.54,5800,2016
250,18055,Dak Prescott,DAL,QB,17,PHI,4,8,50.0,37,4.6,0,0,63.02,1,9,9.0,0,2.4,2.38,6900,2016
250,17974,Trevone Boykin,SEA,QB,17,SF,4,6,66.7,42,7.0,0,0,86.81,4,7,1.8,0,2.4,2.38,6100,2016
252,13443,Colin Kaepernick,SF,QB,13,CHI,1,5,20.0,4,0.8,0,0,39.58,6,20,3.3,0,2.2,2.16,6200,2016
253,5834,Matt Moore,MIA,QB,14,ARI,3,5,60.0,47,9.4,0,0,91.25,0,0,0.0,0,1.9,1.88,5000,2016
254,17974,Trevone Boykin,SEA,QB,13,CAR,2,3,66.7,38,12.7,0,0,109.72,1,1,1.0,0,1.6,1.62,6400,2016
255,12982,Blaine Gabbert,SF,QB,13,CHI,4,10,40.0,35,3.5,0,0,50.0,1,1,1.0,0,1.5,1.5,5000,2016
256,8415,Mark Sanchez,DAL,QB,17,PHI,9,17,52.9,85,5.0,0,2,27.45,2,0,0.0,0,1.4,1.4,5200,2016
257,8283,Ryan Fitzpatrick,NYJ,QB,15,MIA,5,10,50.0,31,3.1,0,1,17.08,2,11,5.5,0,1.3,1.34,6200,2016
258,15694,Case Keenum,LAR,QB,15,SEA,5,9,55.6,32,3.6,0,0,63.19,0,0,0.0,0,1.3,1.28,7400,2016
259,16430,David Fales,CHI,QB,17,MIN,2,5,40.0,22,4.4,0,0,53.75,1,0,0.0,0,0.9,0.88,6800,2016
260,15746,Matt McGloin,OAK,QB,16,IND,2,3,66.7,29,9.7,0,0,97.92,3,-3,-1.0,0,0.9,0.86,5400,2016
261,15746,Matt McGloin,OAK,QB,17,DEN,6,11,54.5,21,1.9,0,0,60.04,0,0,0.0,0,0.8,0.84,6300,2016
262,9902,Chase Daniel,PHI,QB,16,NYG,1,1,100.0,16,16.0,0,0,118.75,0,0,0.0,0,0.6,0.64,7200,2016
262,4633,Matt Schaub,ATL,QB,15,SF,1,1,100.0,16,16.0,0,0,118.75,0,0,0.0,0,0.6,0.64,5000,2016
264,17966,Cody Kessler,CLE,QB,16,LAC,2,3,66.7,11,3.7,0,0,72.92,0,0,0.0,0,0.4,0.44,6100,2016
265,16907,Brett Hundley,GB,QB,10,TEN,1,4,25.0,8,2.0,0,0,39.58,0,0,0.0,0,0.3,0.32,5900,2016
266,11992,Shaun Hill,MIN,QB,13,DAL,1,1,100.0,6,6.0,0,0,91.67,0,0,0.0,0,0.2,0.24,5700,2016
267,13103,Scott Tolzien,IND,QB,13,NYJ,1,1,100.0,11,11.0,0,0,112.5,3,-3,-1.0,0,0.1,0.14,5900,2016
268,18079,Kevin Hogan,CLE,QB,10,BAL,0,0,0.0,0,0.0,0,0,0.0,1,1,1.0,0,0.1,0.1,5100,2016
268,14868,EJ Manuel,BUF,QB,15,CLE,0,1,0.0,0,0.0,0,0,39.58,1,1,1.0,0,0.1,0.1,5100,2016
268,16211,Tom Savage,HOU,QB,17,TEN,5,8,62.5,25,3.1,0,0,67.19,2,1,0.5,0,0.1,0.1,5800,2016
271,16041,Jimmy Garoppolo,NE,QB,16,NYJ,1,2,50.0,6,3.0,0,0,56.25,3,-2,-0.7,0,0.0,0.04,5500,2016
272,15201,Mike Glennon,TB,QB,10,CHI,0,0,0.0,0,0.0,0,0,0.0,0,0,0.0,0,0.0,0.0,7100,2016
272,11422,Joe Webb,CAR,QB,10,KC,0,0,0.0,0,0.0,0,0,0.0,0,0,0.0,0,0.0,0.0,7800,2016
272,5054,Kellen Clemens,LAC,QB,10,MIA,0,0,0.0,0,0.0,0,0,0.0,0,0,0.0,0,0.0,0.0,6600,2016
272,14971,Landry Jones,PIT,QB,10,DAL,0,0,0.0,0,0.0,0,0,0.0,0,0,0.0,0,0.0,0.0,5700,2016
272,14971,Landry Jones,PIT,QB,12,IND,0,1,0.0,0,0.0,0,0,39.58,0,0,0.0,0,0.0,0.0,7200,2016
272,16261,Stephen Morris,IND,QB,12,PIT,0,0,0.0,0,0.0,0,0,0.0,0,0,0.0,0,0.0,0.0,6500,2016
272,4633,Matt Schaub,ATL,QB,12,ARI,0,0,0.0,0,0.0,0,0,0.0,0,0,0.0,0,0.0,0.0,5700,2016
272,18079,Kevin Hogan,CLE,QB,12,NYG,0,0,0.0,0,0.0,0,0,0.0,0,0,0.0,0,0.0,0.0,5600,2016
272,5054,Kellen Clemens,LAC,QB,12,HOU,0,0,0.0,0,0.0,0,0,0.0,0,0,0.0,0,0.0,0.0,5000,2016
272,11422,Joe Webb,CAR,QB,12,OAK,0,0,0.0,0,0.0,0,0,0.0,0,0,0.0,0,0.0,0.0,5000,2016
272,15746,Matt McGloin,OAK,QB,12,CAR,0,1,0.0,0,0.0,0,0,39.58,0,0,0.0,0,0.0,0.0,5000,2016
272,14868,EJ Manuel,BUF,QB,13,OAK,0,0,0.0,0,0.0,0,0,0.0,0,0,0.0,0,0.0,0.0,5000,2016
272,5054,Kellen Clemens,LAC,QB,13,TB,0,0,0.0,0,0.0,0,0,0.0,0,0,0.0,0,0.0,0.0,7000,2016
272,11422,Joe Webb,CAR,QB,13,SEA,0,0,0.0,0,0.0,0,0,0.0,0,0,0.0,0,0.0,0.0,5600,2016
272,5054,Kellen Clemens,LAC,QB,14,CAR,0,0,0.0,0,0.0,0,0,0.0,0,0,0.0,0,0.0,0.0,5200,2016
272,11422,Joe Webb,CAR,QB,14,LAC,0,0,0.0,0,0.0,0,0,0.0,0,0,0.0,0,0.0,0.0,5600,2016
272,12083,Derek Anderson,CAR,QB,14,LAC,0,0,0.0,0,0.0,0,0,0.0,0,0,0.0,0,0.0,0.0,6700,2016
272,4633,Matt Schaub,ATL,QB,14,LAR,0,2,0.0,0,0.0,0,0,39.58,0,0,0.0,0,0.0,0.0,6400,2016
272,17974,Trevone Boykin,SEA,QB,14,GB,0,0,0.0,0,0.0,0,0,0.0,0,0,0.0,0,0.0,0.0,5000,2016
272,11422,Joe Webb,CAR,QB,11,NO,0,0,0.0,0,0.0,0,0,0.0,0,0,0.0,0,0.0,0.0,5000,2016
272,16907,Brett Hundley,GB,QB,16,MIN,0,1,0.0,0,0.0,0,0,39.58,0,0,0.0,0,0.0,0.0,5800,2016
272,5054,Kellen Clemens,LAC,QB,16,CLE,0,0,0.0,0,0.0,0,0,0.0,0,0,0.0,0,0.0,0.0,6300,2016
272,11422,Joe Webb,CAR,QB,16,ATL,0,0,0.0,0,0.0,0,0,0.0,0,0,0.0,0,0.0,0.0,6100,2016
272,11422,Joe Webb,CAR,QB,17,TB,0,0,0.0,0,0.0,0,0,0.0,0,0,0.0,0,0.0,0.0,5900,2016
272,16041,Jimmy Garoppolo,NE,QB,17,MIA,0,1,0.0,0,0.0,0,0,39.58,0,0,0.0,0,0.0,0.0,5100,2016
272,5054,Kellen Clemens,LAC,QB,17,KC,0,0,0.0,0,0.0,0,0,0.0,0,0,0.0,0,0.0,0.0,5100,2016
272,13723,Nick Foles,KC,QB,17,LAC,0,0,0.0,0,0.0,0,0,0.0,0,0,0.0,0,0.0,0.0,5000,2016
272,13103,Scott Tolzien,IND,QB,15,MIN,0,0,0.0,0,0.0,0,0,0.0,0,0,0.0,0,0.0,0.0,5000,2016
272,5054,Kellen Clemens,LAC,QB,15,OAK,0,0,0.0,0,0.0,0,0,0.0,0,0,0.0,0,0.0,0.0,6100,2016
